"LOCATION","INDICATOR","SUBJECT","MEASURE","FREQUENCY","TIME","Value","Flag Codes"
"BEL","SAVING","TOT","PC_GDP","A","1970",17.9943076841286,"E"
"BEL","SAVING","TOT","PC_GDP","A","1971",16.7208530769163,"E"
"BEL","SAVING","TOT","PC_GDP","A","1972",16.4660385011183,"E"
"BEL","SAVING","TOT","PC_GDP","A","1973",16.231896697031,"E"
"BEL","SAVING","TOT","PC_GDP","A","1974",16.6302430656198,"E"
"BEL","SAVING","TOT","PC_GDP","A","1975",12.9527978807191,"E"
"BEL","SAVING","TOT","PC_GDP","A","1976",13.9896656691193,"E"
"BEL","SAVING","TOT","PC_GDP","A","1977",11.7430356983496,"E"
"BEL","SAVING","TOT","PC_GDP","A","1978",11.467337787731,"E"
"BEL","SAVING","TOT","PC_GDP","A","1979",9.30302497779184,"E"
"BEL","SAVING","TOT","PC_GDP","A","1980",6.13388575691866,"E"
"BEL","SAVING","TOT","PC_GDP","A","1981",2.52775187215736,"E"
"BEL","SAVING","TOT","PC_GDP","A","1982",1.72363967304242,"E"
"BEL","SAVING","TOT","PC_GDP","A","1983",1.45150566091559,"E"
"BEL","SAVING","TOT","PC_GDP","A","1984",3.28883591217645,"E"
"BEL","SAVING","TOT","PC_GDP","A","1985",3.49975117496403,"E"
"BEL","SAVING","TOT","PC_GDP","A","1986",4.87808140334236,"E"
"BEL","SAVING","TOT","PC_GDP","A","1987",5.91446486921525,"E"
"BEL","SAVING","TOT","PC_GDP","A","1988",8.98033214544814,"E"
"BEL","SAVING","TOT","PC_GDP","A","1989",10.1886994047,"E"
"BEL","SAVING","TOT","PC_GDP","A","1990",10.5088558612007,"E"
"BEL","SAVING","TOT","PC_GDP","A","1991",9.3934204376538,"E"
"BEL","SAVING","TOT","PC_GDP","A","1992",9.68575145441807,"E"
"BEL","SAVING","TOT","PC_GDP","A","1993",10.4689931834185,"E"
"BEL","SAVING","TOT","PC_GDP","A","1994",11.7331685271999,"E"
"BEL","SAVING","TOT","PC_GDP","A","1995",11.2177305143117,
"BEL","SAVING","TOT","PC_GDP","A","1996",9.83120309155334,
"BEL","SAVING","TOT","PC_GDP","A","1997",11.3595402083431,
"BEL","SAVING","TOT","PC_GDP","A","1998",10.9153491603181,
"BEL","SAVING","TOT","PC_GDP","A","1999",11.2303947544361,
"BEL","SAVING","TOT","PC_GDP","A","2000",11.4754712212201,
"BEL","SAVING","TOT","PC_GDP","A","2001",10.2258914732788,
"BEL","SAVING","TOT","PC_GDP","A","2002",10.0277066295732,
"BEL","SAVING","TOT","PC_GDP","A","2003",9.4646092001357,
"BEL","SAVING","TOT","PC_GDP","A","2004",10.2188635053536,
"BEL","SAVING","TOT","PC_GDP","A","2005",10.0754553641236,
"BEL","SAVING","TOT","PC_GDP","A","2006",10.2304618001147,
"BEL","SAVING","TOT","PC_GDP","A","2007",11.1150172473051,
"BEL","SAVING","TOT","PC_GDP","A","2008",8.89797127505842,
"BEL","SAVING","TOT","PC_GDP","A","2009",5.51593083208841,
"BEL","SAVING","TOT","PC_GDP","A","2010",6.07360630236099,
"BEL","SAVING","TOT","PC_GDP","A","2011",4.10660168237812,
"BEL","SAVING","TOT","PC_GDP","A","2012",5.16830854015035,
"BEL","SAVING","TOT","PC_GDP","A","2013",4.7228161270617,
"BEL","SAVING","TOT","PC_GDP","A","2014",5.30042806101091,
"BEL","SAVING","TOT","PC_GDP","A","2015",6.04137639086406,
"BEL","SAVING","TOT","PC_GDP","A","2016",6.06016992443127,
"BEL","SAVING","TOT","PC_GDP","A","2017",6.48935928786444,
"BEL","SAVING","TOT","PC_GDP","A","2018",5.84986524774286,
"BEL","SAVING","TOT","PC_GDP","A","2019",6.38456903714588,
"BEL","SAVING","TOT","PC_GDP","A","2020",4.75433082895357,"E"
"IRL","SAVING","TOT","PC_GDP","A","1970",7.1857644218082,"E"
"IRL","SAVING","TOT","PC_GDP","A","1971",6.98036468935243,"E"
"IRL","SAVING","TOT","PC_GDP","A","1972",8.68364683883484,"E"
"IRL","SAVING","TOT","PC_GDP","A","1973",9.13900247855998,"E"
"IRL","SAVING","TOT","PC_GDP","A","1974",6.22770321992206,"E"
"IRL","SAVING","TOT","PC_GDP","A","1975",8.19723025772086,"E"
"IRL","SAVING","TOT","PC_GDP","A","1976",6.89424266045538,"E"
"IRL","SAVING","TOT","PC_GDP","A","1977",8.14026023684189,"E"
"IRL","SAVING","TOT","PC_GDP","A","1978",7.41978136480323,"E"
"IRL","SAVING","TOT","PC_GDP","A","1979",5.66728530281222,"E"
"IRL","SAVING","TOT","PC_GDP","A","1980",2.97156900185899,"E"
"IRL","SAVING","TOT","PC_GDP","A","1981",2.00551313651423,"E"
"IRL","SAVING","TOT","PC_GDP","A","1982",4.14516169511938,"E"
"IRL","SAVING","TOT","PC_GDP","A","1983",3.91509377473256,"E"
"IRL","SAVING","TOT","PC_GDP","A","1984",4.28010492677209,"E"
"IRL","SAVING","TOT","PC_GDP","A","1985",3.75157535497061,"E"
"IRL","SAVING","TOT","PC_GDP","A","1986",3.64577794904339,"E"
"IRL","SAVING","TOT","PC_GDP","A","1987",4.46697313829005,"E"
"IRL","SAVING","TOT","PC_GDP","A","1988",5.04770855573564,"E"
"IRL","SAVING","TOT","PC_GDP","A","1989",5.33246340504324,"E"
"IRL","SAVING","TOT","PC_GDP","A","1990",7.93860863465066,"E"
"IRL","SAVING","TOT","PC_GDP","A","1991",7.18710511974218,"E"
"IRL","SAVING","TOT","PC_GDP","A","1992",5.36488860496818,"E"
"IRL","SAVING","TOT","PC_GDP","A","1993",7.30953568049031,"E"
"IRL","SAVING","TOT","PC_GDP","A","1994",7.27999837191886,"E"
"IRL","SAVING","TOT","PC_GDP","A","1995",9.85794794652343,"E"
"IRL","SAVING","TOT","PC_GDP","A","1996",10.5009454070384,"E"
"IRL","SAVING","TOT","PC_GDP","A","1997",12.8654743005822,"E"
"IRL","SAVING","TOT","PC_GDP","A","1998",14.2772388188019,"E"
"IRL","SAVING","TOT","PC_GDP","A","1999",13.1388660787375,
"IRL","SAVING","TOT","PC_GDP","A","2000",13.6925012575901,
"IRL","SAVING","TOT","PC_GDP","A","2001",12.113001636982,
"IRL","SAVING","TOT","PC_GDP","A","2002",11.2320669379128,
"IRL","SAVING","TOT","PC_GDP","A","2003",12.8127150034929,
"IRL","SAVING","TOT","PC_GDP","A","2004",13.0961772223003,
"IRL","SAVING","TOT","PC_GDP","A","2005",12.6398990878289,
"IRL","SAVING","TOT","PC_GDP","A","2006",12.2610991557737,
"IRL","SAVING","TOT","PC_GDP","A","2007",9.45018740633248,
"IRL","SAVING","TOT","PC_GDP","A","2008",4.36165022064321,
"IRL","SAVING","TOT","PC_GDP","A","2009",0.289654193932536,
"IRL","SAVING","TOT","PC_GDP","A","2010",1.85738522890032,
"IRL","SAVING","TOT","PC_GDP","A","2011",1.07663142907466,
"IRL","SAVING","TOT","PC_GDP","A","2012",1.50680160873357,
"IRL","SAVING","TOT","PC_GDP","A","2013",5.90417301491719,
"IRL","SAVING","TOT","PC_GDP","A","2014",9.23223481176064,
"IRL","SAVING","TOT","PC_GDP","A","2015",8.77314580794326,
"IRL","SAVING","TOT","PC_GDP","A","2016",10.2544404331695,
"IRL","SAVING","TOT","PC_GDP","A","2017",10.5232545566972,
"IRL","SAVING","TOT","PC_GDP","A","2018",10.5014574602899,
"IRL","SAVING","TOT","PC_GDP","A","2019",10.5290843954783,
"CHL","SAVING","TOT","PC_GDP","A","1996",23.8141873656694,
"CHL","SAVING","TOT","PC_GDP","A","1997",23.3136193938606,
"CHL","SAVING","TOT","PC_GDP","A","1998",21.9868993440866,
"CHL","SAVING","TOT","PC_GDP","A","1999",21.0597857910346,
"CHL","SAVING","TOT","PC_GDP","A","2000",21.0690113906674,
"CHL","SAVING","TOT","PC_GDP","A","2001",21.3126158696777,
"CHL","SAVING","TOT","PC_GDP","A","2002",21.505818414552,
"CHL","SAVING","TOT","PC_GDP","A","2003",20.7929708211715,
"CHL","SAVING","TOT","PC_GDP","A","2004",22.5780670376817,
"CHL","SAVING","TOT","PC_GDP","A","2005",23.3640504506397,
"CHL","SAVING","TOT","PC_GDP","A","2006",25.4102600859245,
"CHL","SAVING","TOT","PC_GDP","A","2007",25.2546355206371,
"CHL","SAVING","TOT","PC_GDP","A","2008",22.7174158697685,
"CHL","SAVING","TOT","PC_GDP","A","2009",22.9220294827326,
"CHL","SAVING","TOT","PC_GDP","A","2010",24.5809278268734,
"CHL","SAVING","TOT","PC_GDP","A","2011",21.9992512668037,
"CHL","SAVING","TOT","PC_GDP","A","2012",22.0038942940814,
"CHL","SAVING","TOT","PC_GDP","A","2013",20.8369100957497,
"CHL","SAVING","TOT","PC_GDP","A","2014",21.2165335718667,
"CHL","SAVING","TOT","PC_GDP","A","2015",21.3500717470465,
"CHL","SAVING","TOT","PC_GDP","A","2016",20.2633502796045,
"CHL","SAVING","TOT","PC_GDP","A","2017",18.9181449925306,
"CHL","SAVING","TOT","PC_GDP","A","2018",18.1893575855258,
"CHL","SAVING","TOT","PC_GDP","A","2019",19.252744203994,
"CHL","SAVING","TOT","PC_GDP","A","2020",21.17899932591,
"ESP","SAVING","TOT","PC_GDP","A","1970",14.6895732134229,"E"
"ESP","SAVING","TOT","PC_GDP","A","1971",14.6435046812121,"E"
"ESP","SAVING","TOT","PC_GDP","A","1972",15.8856709518096,"E"
"ESP","SAVING","TOT","PC_GDP","A","1973",16.8231508106279,"E"
"ESP","SAVING","TOT","PC_GDP","A","1974",15.5226666193294,"E"
"ESP","SAVING","TOT","PC_GDP","A","1975",13.9209730623399,"E"
"ESP","SAVING","TOT","PC_GDP","A","1976",11.3524970761028,"E"
"ESP","SAVING","TOT","PC_GDP","A","1977",11.6108308683719,"E"
"ESP","SAVING","TOT","PC_GDP","A","1978",12.3293570554363,"E"
"ESP","SAVING","TOT","PC_GDP","A","1979",10.8947497335888,"E"
"ESP","SAVING","TOT","PC_GDP","A","1980",8.39811986166884,"E"
"ESP","SAVING","TOT","PC_GDP","A","1981",5.67026020783315,"E"
"ESP","SAVING","TOT","PC_GDP","A","1982",5.53707254504719,"E"
"ESP","SAVING","TOT","PC_GDP","A","1983",5.07690154247359,"E"
"ESP","SAVING","TOT","PC_GDP","A","1984",6.49186756825647,"E"
"ESP","SAVING","TOT","PC_GDP","A","1985",7.19282702103511,"E"
"ESP","SAVING","TOT","PC_GDP","A","1986",9.01250483295416,"E"
"ESP","SAVING","TOT","PC_GDP","A","1987",9.12489114944011,"E"
"ESP","SAVING","TOT","PC_GDP","A","1988",10.150448283588,"E"
"ESP","SAVING","TOT","PC_GDP","A","1989",9.93787299698592,"E"
"ESP","SAVING","TOT","PC_GDP","A","1990",10.0323024050101,"E"
"ESP","SAVING","TOT","PC_GDP","A","1991",9.5689509039404,"E"
"ESP","SAVING","TOT","PC_GDP","A","1992",7.91729349051747,"E"
"ESP","SAVING","TOT","PC_GDP","A","1993",7.31221745531257,"E"
"ESP","SAVING","TOT","PC_GDP","A","1994",6.76334144908668,"E"
"ESP","SAVING","TOT","PC_GDP","A","1995",9.18708331081247,"E"
"ESP","SAVING","TOT","PC_GDP","A","1996",8.8739728793095,"E"
"ESP","SAVING","TOT","PC_GDP","A","1997",9.54548183757568,"E"
"ESP","SAVING","TOT","PC_GDP","A","1998",10.0263026097388,"E"
"ESP","SAVING","TOT","PC_GDP","A","1999",9.83426861141839,
"ESP","SAVING","TOT","PC_GDP","A","2000",9.68571477083465,
"ESP","SAVING","TOT","PC_GDP","A","2001",9.45758374192039,
"ESP","SAVING","TOT","PC_GDP","A","2002",10.181281618887,
"ESP","SAVING","TOT","PC_GDP","A","2003",10.6687806787275,
"ESP","SAVING","TOT","PC_GDP","A","2004",9.56160835523721,
"ESP","SAVING","TOT","PC_GDP","A","2005",8.68770063740286,
"ESP","SAVING","TOT","PC_GDP","A","2006",8.21838112894405,
"ESP","SAVING","TOT","PC_GDP","A","2007",7.47941264798394,
"ESP","SAVING","TOT","PC_GDP","A","2008",5.68424240293959,
"ESP","SAVING","TOT","PC_GDP","A","2009",4.55989443788266,
"ESP","SAVING","TOT","PC_GDP","A","2010",3.58699330386899,
"ESP","SAVING","TOT","PC_GDP","A","2011",2.37411904719378,
"ESP","SAVING","TOT","PC_GDP","A","2012",2.54660318747278,
"ESP","SAVING","TOT","PC_GDP","A","2013",3.32180785379106,
"ESP","SAVING","TOT","PC_GDP","A","2014",3.6649427703898,
"ESP","SAVING","TOT","PC_GDP","A","2015",5.36660510955001,
"ESP","SAVING","TOT","PC_GDP","A","2016",6.42857142857143,
"ESP","SAVING","TOT","PC_GDP","A","2017",6.85723925371837,
"ESP","SAVING","TOT","PC_GDP","A","2018",7.13021884731384,
"ESP","SAVING","TOT","PC_GDP","A","2019",7.50682069311904,
"FIN","SAVING","TOT","PC_GDP","A","1970",18.0751802838045,"E"
"FIN","SAVING","TOT","PC_GDP","A","1971",17.0694217909047,"E"
"FIN","SAVING","TOT","PC_GDP","A","1972",16.2290779398548,"E"
"FIN","SAVING","TOT","PC_GDP","A","1973",17.7070977861631,"E"
"FIN","SAVING","TOT","PC_GDP","A","1974",18.7490865286656,"E"
"FIN","SAVING","TOT","PC_GDP","A","1975",13.4057547770204,"E"
"FIN","SAVING","TOT","PC_GDP","A","1976",11.2775429448591,"E"
"FIN","SAVING","TOT","PC_GDP","A","1977",9.03995044465984,"E"
"FIN","SAVING","TOT","PC_GDP","A","1978",9.40271912387757,"E"
"FIN","SAVING","TOT","PC_GDP","A","1979",11.9922517110001,"E"
"FIN","SAVING","TOT","PC_GDP","A","1980",12.3788130839809,"E"
"FIN","SAVING","TOT","PC_GDP","A","1981",10.9939441140157,"E"
"FIN","SAVING","TOT","PC_GDP","A","1982",9.70029209247195,"E"
"FIN","SAVING","TOT","PC_GDP","A","1983",8.97179332909009,"E"
"FIN","SAVING","TOT","PC_GDP","A","1984",10.0147519822976,"E"
"FIN","SAVING","TOT","PC_GDP","A","1985",8.85534821173134,"E"
"FIN","SAVING","TOT","PC_GDP","A","1986",8.56444759030362,"E"
"FIN","SAVING","TOT","PC_GDP","A","1987",7.78274423055748,"E"
"FIN","SAVING","TOT","PC_GDP","A","1988",10.1341881104965,"E"
"FIN","SAVING","TOT","PC_GDP","A","1989",9.34874200077588,"E"
"FIN","SAVING","TOT","PC_GDP","A","1990",6.30751340232265,"E"
"FIN","SAVING","TOT","PC_GDP","A","1991",-2.95375197995705,"E"
"FIN","SAVING","TOT","PC_GDP","A","1992",-5.92377859876204,"E"
"FIN","SAVING","TOT","PC_GDP","A","1993",-4.57574191005244,"E"
"FIN","SAVING","TOT","PC_GDP","A","1994",-0.152954261176041,"E"
"FIN","SAVING","TOT","PC_GDP","A","1995",5.51096408893038,
"FIN","SAVING","TOT","PC_GDP","A","1996",5.03315929194871,
"FIN","SAVING","TOT","PC_GDP","A","1997",8.76117934787513,
"FIN","SAVING","TOT","PC_GDP","A","1998",10.5184521141491,
"FIN","SAVING","TOT","PC_GDP","A","1999",11.8960572347064,
"FIN","SAVING","TOT","PC_GDP","A","2000",13.8381143636124,
"FIN","SAVING","TOT","PC_GDP","A","2001",14.4059241640623,
"FIN","SAVING","TOT","PC_GDP","A","2002",13.3009172581927,
"FIN","SAVING","TOT","PC_GDP","A","2003",10.3137417709507,
"FIN","SAVING","TOT","PC_GDP","A","2004",11.819246904093,
"FIN","SAVING","TOT","PC_GDP","A","2005",10.6219677327294,
"FIN","SAVING","TOT","PC_GDP","A","2006",11.0435692927003,
"FIN","SAVING","TOT","PC_GDP","A","2007",12.5882013342456,
"FIN","SAVING","TOT","PC_GDP","A","2008",10.2905824518055,
"FIN","SAVING","TOT","PC_GDP","A","2009",4.24271102136486,
"FIN","SAVING","TOT","PC_GDP","A","2010",4.95474187187405,
"FIN","SAVING","TOT","PC_GDP","A","2011",4.24196204002061,
"FIN","SAVING","TOT","PC_GDP","A","2012",2.19163636544517,
"FIN","SAVING","TOT","PC_GDP","A","2013",1.12616911624356,
"FIN","SAVING","TOT","PC_GDP","A","2014",1.54279665727391,
"FIN","SAVING","TOT","PC_GDP","A","2015",1.94952338150768,
"FIN","SAVING","TOT","PC_GDP","A","2016",2.55289217444074,
"FIN","SAVING","TOT","PC_GDP","A","2017",4.76047388213044,
"FIN","SAVING","TOT","PC_GDP","A","2018",4.8422053557661,
"FIN","SAVING","TOT","PC_GDP","A","2019",5.00047897308171,
"FIN","SAVING","TOT","PC_GDP","A","2020",5.40502775554793,
"NOR","SAVING","TOT","PC_GDP","A","1978",9.40595683264449,
"NOR","SAVING","TOT","PC_GDP","A","1979",9.87114733505038,
"NOR","SAVING","TOT","PC_GDP","A","1980",14.674232355889,
"NOR","SAVING","TOT","PC_GDP","A","1981",15.3991775635388,
"NOR","SAVING","TOT","PC_GDP","A","1982",13.2200581215606,
"NOR","SAVING","TOT","PC_GDP","A","1983",13.8745755097775,
"NOR","SAVING","TOT","PC_GDP","A","1984",16.6924653396145,
"NOR","SAVING","TOT","PC_GDP","A","1985",15.9935419859816,
"NOR","SAVING","TOT","PC_GDP","A","1986",9.44007093843925,
"NOR","SAVING","TOT","PC_GDP","A","1987",8.6298877731837,
"NOR","SAVING","TOT","PC_GDP","A","1988",7.31910420970841,
"NOR","SAVING","TOT","PC_GDP","A","1989",8.39981090406203,
"NOR","SAVING","TOT","PC_GDP","A","1990",8.46918091377057,
"NOR","SAVING","TOT","PC_GDP","A","1991",7.48677044426753,
"NOR","SAVING","TOT","PC_GDP","A","1992",6.57870624885468,
"NOR","SAVING","TOT","PC_GDP","A","1993",6.6227495908347,
"NOR","SAVING","TOT","PC_GDP","A","1994",7.91379815724391,
"NOR","SAVING","TOT","PC_GDP","A","1995",9.97333715417728,
"NOR","SAVING","TOT","PC_GDP","A","1996",12.6042030128798,
"NOR","SAVING","TOT","PC_GDP","A","1997",14.7479278742531,
"NOR","SAVING","TOT","PC_GDP","A","1998",10.7744472471109,
"NOR","SAVING","TOT","PC_GDP","A","1999",13.0970562278727,
"NOR","SAVING","TOT","PC_GDP","A","2000",21.2918874557731,
"NOR","SAVING","TOT","PC_GDP","A","2001",20.9076101478867,
"NOR","SAVING","TOT","PC_GDP","A","2002",16.9325815201028,
"NOR","SAVING","TOT","PC_GDP","A","2003",16.0897798272487,
"NOR","SAVING","TOT","PC_GDP","A","2004",19.3530078181961,
"NOR","SAVING","TOT","PC_GDP","A","2005",24.8128756620018,
"NOR","SAVING","TOT","PC_GDP","A","2006",26.8514386705512,
"NOR","SAVING","TOT","PC_GDP","A","2007",25.2792028501732,
"NOR","SAVING","TOT","PC_GDP","A","2008",27.5057631305402,
"NOR","SAVING","TOT","PC_GDP","A","2009",18.9743300441716,
"NOR","SAVING","TOT","PC_GDP","A","2010",20.3052388230813,
"NOR","SAVING","TOT","PC_GDP","A","2011",22.6311042105388,
"NOR","SAVING","TOT","PC_GDP","A","2012",23.4596682313036,
"NOR","SAVING","TOT","PC_GDP","A","2013",22.3767787696371,
"NOR","SAVING","TOT","PC_GDP","A","2014",21.9774236869805,
"NOR","SAVING","TOT","PC_GDP","A","2015",17.6628520221345,
"NOR","SAVING","TOT","PC_GDP","A","2016",14.1839899191388,
"NOR","SAVING","TOT","PC_GDP","A","2017",15.6230749576225,
"NOR","SAVING","TOT","PC_GDP","A","2018",18.6998508680604,
"NOR","SAVING","TOT","PC_GDP","A","2019",14.2051199275435,
"NOR","SAVING","TOT","PC_GDP","A","2020",11.7544419868462,
"KOR","SAVING","TOT","PC_GDP","A","1970",12.7297432596725,
"KOR","SAVING","TOT","PC_GDP","A","1971",9.19429901105294,
"KOR","SAVING","TOT","PC_GDP","A","1972",10.7505213581086,
"KOR","SAVING","TOT","PC_GDP","A","1973",15.5880809798636,
"KOR","SAVING","TOT","PC_GDP","A","1974",14.8981657179001,
"KOR","SAVING","TOT","PC_GDP","A","1975",11.7692249326606,
"KOR","SAVING","TOT","PC_GDP","A","1976",17.3352772096623,
"KOR","SAVING","TOT","PC_GDP","A","1977",20.6850780036651,
"KOR","SAVING","TOT","PC_GDP","A","1978",23.7742749806198,
"KOR","SAVING","TOT","PC_GDP","A","1979",22.3042808689507,
"KOR","SAVING","TOT","PC_GDP","A","1980",15.5083310048307,
"KOR","SAVING","TOT","PC_GDP","A","1981",14.7636994713085,
"KOR","SAVING","TOT","PC_GDP","A","1982",15.8986569284964,
"KOR","SAVING","TOT","PC_GDP","A","1983",19.4349009475603,
"KOR","SAVING","TOT","PC_GDP","A","1984",21.7801461484923,
"KOR","SAVING","TOT","PC_GDP","A","1985",21.339571109399,
"KOR","SAVING","TOT","PC_GDP","A","1986",24.4495843116235,
"KOR","SAVING","TOT","PC_GDP","A","1987",27.7915459441337,
"KOR","SAVING","TOT","PC_GDP","A","1988",29.718887055489,
"KOR","SAVING","TOT","PC_GDP","A","1989",26.817199813271,
"KOR","SAVING","TOT","PC_GDP","A","1990",26.479560342687,
"KOR","SAVING","TOT","PC_GDP","A","1991",26.9129016653257,
"KOR","SAVING","TOT","PC_GDP","A","1992",25.1345387777221,
"KOR","SAVING","TOT","PC_GDP","A","1993",24.936504798984,
"KOR","SAVING","TOT","PC_GDP","A","1994",24.9482809628305,
"KOR","SAVING","TOT","PC_GDP","A","1995",23.2529529360936,
"KOR","SAVING","TOT","PC_GDP","A","1996",20.9099341571952,
"KOR","SAVING","TOT","PC_GDP","A","1997",20.2798772993005,
"KOR","SAVING","TOT","PC_GDP","A","1998",19.5139081109566,
"KOR","SAVING","TOT","PC_GDP","A","1999",17.9109413596685,
"KOR","SAVING","TOT","PC_GDP","A","2000",16.7346444570759,
"KOR","SAVING","TOT","PC_GDP","A","2001",14.7023010480731,
"KOR","SAVING","TOT","PC_GDP","A","2002",14.8912386795496,
"KOR","SAVING","TOT","PC_GDP","A","2003",16.1119464033008,
"KOR","SAVING","TOT","PC_GDP","A","2004",18.6153129455444,
"KOR","SAVING","TOT","PC_GDP","A","2005",16.7992970478391,
"KOR","SAVING","TOT","PC_GDP","A","2006",15.8390873521967,
"KOR","SAVING","TOT","PC_GDP","A","2007",16.7990167944099,
"KOR","SAVING","TOT","PC_GDP","A","2008",15.4336469804408,
"KOR","SAVING","TOT","PC_GDP","A","2009",14.6468774113893,
"KOR","SAVING","TOT","PC_GDP","A","2010",17.0355505835729,
"KOR","SAVING","TOT","PC_GDP","A","2011",16.1902280391079,
"KOR","SAVING","TOT","PC_GDP","A","2012",15.7942920249086,
"KOR","SAVING","TOT","PC_GDP","A","2013",16.1004947231815,
"KOR","SAVING","TOT","PC_GDP","A","2014",16.2180953976857,
"KOR","SAVING","TOT","PC_GDP","A","2015",17.7556259259536,
"KOR","SAVING","TOT","PC_GDP","A","2016",18.330861643829,
"KOR","SAVING","TOT","PC_GDP","A","2017",18.5884912890365,
"KOR","SAVING","TOT","PC_GDP","A","2018",17.0275924582153,
"KOR","SAVING","TOT","PC_GDP","A","2019",15.0095289779709,
"KOR","SAVING","TOT","PC_GDP","A","2020",15.5079806434299,"E"
"SWE","SAVING","TOT","PC_GDP","A","1970",28.7696084416169,"E"
"SWE","SAVING","TOT","PC_GDP","A","1971",26.9734275784636,"E"
"SWE","SAVING","TOT","PC_GDP","A","1972",25.8207013042467,"E"
"SWE","SAVING","TOT","PC_GDP","A","1973",26.9553834371338,"E"
"SWE","SAVING","TOT","PC_GDP","A","1974",23.6638137630442,"E"
"SWE","SAVING","TOT","PC_GDP","A","1975",25.6153947758588,"E"
"SWE","SAVING","TOT","PC_GDP","A","1976",20.8121442539201,"E"
"SWE","SAVING","TOT","PC_GDP","A","1977",12.9940619014067,"E"
"SWE","SAVING","TOT","PC_GDP","A","1978",12.117343795886,"E"
"SWE","SAVING","TOT","PC_GDP","A","1979",12.487139607904,"E"
"SWE","SAVING","TOT","PC_GDP","A","1980",8.7874502537158,
"SWE","SAVING","TOT","PC_GDP","A","1981",6.8712222788545,
"SWE","SAVING","TOT","PC_GDP","A","1982",5.49463452773724,
"SWE","SAVING","TOT","PC_GDP","A","1983",7.36163775488821,
"SWE","SAVING","TOT","PC_GDP","A","1984",10.1207963344946,
"SWE","SAVING","TOT","PC_GDP","A","1985",9.85169229718668,
"SWE","SAVING","TOT","PC_GDP","A","1986",10.4766982281013,
"SWE","SAVING","TOT","PC_GDP","A","1987",10.7152189565806,
"SWE","SAVING","TOT","PC_GDP","A","1988",11.2741531959757,
"SWE","SAVING","TOT","PC_GDP","A","1989",11.8619931487953,
"SWE","SAVING","TOT","PC_GDP","A","1990",10.4450928121553,
"SWE","SAVING","TOT","PC_GDP","A","1991",7.36304223528065,
"SWE","SAVING","TOT","PC_GDP","A","1992",4.5154339364924,
"SWE","SAVING","TOT","PC_GDP","A","1993",1.66708949704201,
"SWE","SAVING","TOT","PC_GDP","A","1994",6.25004911615358,
"SWE","SAVING","TOT","PC_GDP","A","1995",9.79772716702611,
"SWE","SAVING","TOT","PC_GDP","A","1996",9.20881296071044,
"SWE","SAVING","TOT","PC_GDP","A","1997",9.41099397302498,
"SWE","SAVING","TOT","PC_GDP","A","1998",9.99449388545442,
"SWE","SAVING","TOT","PC_GDP","A","1999",10.4879500674323,
"SWE","SAVING","TOT","PC_GDP","A","2000",11.152498327555,
"SWE","SAVING","TOT","PC_GDP","A","2001",10.8204116177017,
"SWE","SAVING","TOT","PC_GDP","A","2002",10.0987709056873,
"SWE","SAVING","TOT","PC_GDP","A","2003",11.7087119865688,
"SWE","SAVING","TOT","PC_GDP","A","2004",12.0325673787733,
"SWE","SAVING","TOT","PC_GDP","A","2005",12.5940394086149,
"SWE","SAVING","TOT","PC_GDP","A","2006",15.3877350185862,
"SWE","SAVING","TOT","PC_GDP","A","2007",16.8350662203587,
"SWE","SAVING","TOT","PC_GDP","A","2008",15.5667824161925,
"SWE","SAVING","TOT","PC_GDP","A","2009",9.53816435993771,
"SWE","SAVING","TOT","PC_GDP","A","2010",12.2048164012513,
"SWE","SAVING","TOT","PC_GDP","A","2011",12.4701407358825,
"SWE","SAVING","TOT","PC_GDP","A","2012",11.0100061820647,
"SWE","SAVING","TOT","PC_GDP","A","2013",10.4030663376472,
"SWE","SAVING","TOT","PC_GDP","A","2014",10.6661857926782,
"SWE","SAVING","TOT","PC_GDP","A","2015",10.9180911965112,
"SWE","SAVING","TOT","PC_GDP","A","2016",10.5411490881944,
"SWE","SAVING","TOT","PC_GDP","A","2017",11.781922702544,
"SWE","SAVING","TOT","PC_GDP","A","2018",11.5064372473493,
"SWE","SAVING","TOT","PC_GDP","A","2019",13.2874579250435,
"SWE","SAVING","TOT","PC_GDP","A","2020",12.7019043164225,
"ISR","SAVING","TOT","PC_GDP","A","1970",3.92074548463328,"E"
"ISR","SAVING","TOT","PC_GDP","A","1971",14.8185234237409,"E"
"ISR","SAVING","TOT","PC_GDP","A","1972",23.2524083844837,"E"
"ISR","SAVING","TOT","PC_GDP","A","1973",19.165946720267,"E"
"ISR","SAVING","TOT","PC_GDP","A","1974",7.66042187937332,"E"
"ISR","SAVING","TOT","PC_GDP","A","1975",3.37295485862025,"E"
"ISR","SAVING","TOT","PC_GDP","A","1976",9.24518055919102,"E"
"ISR","SAVING","TOT","PC_GDP","A","1977",10.1209752609291,"E"
"ISR","SAVING","TOT","PC_GDP","A","1978",7.22656977705987,"E"
"ISR","SAVING","TOT","PC_GDP","A","1979",10.0461658981396,"E"
"ISR","SAVING","TOT","PC_GDP","A","1980",6.0561660595877,"E"
"ISR","SAVING","TOT","PC_GDP","A","1981",0.836989737363748,"E"
"ISR","SAVING","TOT","PC_GDP","A","1982",-0.691219463157254,"E"
"ISR","SAVING","TOT","PC_GDP","A","1983",4.82334281554012,"E"
"ISR","SAVING","TOT","PC_GDP","A","1984",7.97865961950599,"E"
"ISR","SAVING","TOT","PC_GDP","A","1985",12.6225974303804,"E"
"ISR","SAVING","TOT","PC_GDP","A","1986",9.26381854081196,"E"
"ISR","SAVING","TOT","PC_GDP","A","1987",-0.355222646822261,"E"
"ISR","SAVING","TOT","PC_GDP","A","1988",2.24583709519775,"E"
"ISR","SAVING","TOT","PC_GDP","A","1989",3.97373151554724,"E"
"ISR","SAVING","TOT","PC_GDP","A","1990",7.20344751558443,"E"
"ISR","SAVING","TOT","PC_GDP","A","1991",12.7757433489666,"E"
"ISR","SAVING","TOT","PC_GDP","A","1992",14.4048915123266,"E"
"ISR","SAVING","TOT","PC_GDP","A","1993",11.3319943197317,"E"
"ISR","SAVING","TOT","PC_GDP","A","1994",9.50441440462591,"E"
"ISR","SAVING","TOT","PC_GDP","A","1995",9.04869094453115,
"ISR","SAVING","TOT","PC_GDP","A","1996",9.1050304596515,
"ISR","SAVING","TOT","PC_GDP","A","1997",9.7124336804779,
"ISR","SAVING","TOT","PC_GDP","A","1998",9.87412428235146,
"ISR","SAVING","TOT","PC_GDP","A","1999",8.58493202426761,
"ISR","SAVING","TOT","PC_GDP","A","2000",8.18503270440039,
"ISR","SAVING","TOT","PC_GDP","A","2001",7.02534785478688,
"ISR","SAVING","TOT","PC_GDP","A","2002",4.7192507117262,
"ISR","SAVING","TOT","PC_GDP","A","2003",4.9113598030716,
"ISR","SAVING","TOT","PC_GDP","A","2004",6.06211238515826,
"ISR","SAVING","TOT","PC_GDP","A","2005",8.26095849885662,
"ISR","SAVING","TOT","PC_GDP","A","2006",10.028746707695,
"ISR","SAVING","TOT","PC_GDP","A","2007",9.5965568080016,
"ISR","SAVING","TOT","PC_GDP","A","2008",7.24020797139325,
"ISR","SAVING","TOT","PC_GDP","A","2009",7.71083625792452,
"ISR","SAVING","TOT","PC_GDP","A","2010",8.77288604782991,
"ISR","SAVING","TOT","PC_GDP","A","2011",9.32152355680288,
"ISR","SAVING","TOT","PC_GDP","A","2012",8.24863100286095,
"ISR","SAVING","TOT","PC_GDP","A","2013",9.8954067505658,
"ISR","SAVING","TOT","PC_GDP","A","2014",11.4952112871892,
"ISR","SAVING","TOT","PC_GDP","A","2015",11.9760649990185,
"ISR","SAVING","TOT","PC_GDP","A","2016",11.7445766931038,
"ISR","SAVING","TOT","PC_GDP","A","2017",11.8321740293837,
"ISR","SAVING","TOT","PC_GDP","A","2018",11.5564565483268,
"ISR","SAVING","TOT","PC_GDP","A","2019",11.9161903158382,
"ISR","SAVING","TOT","PC_GDP","A","2020",13.6196161658076,
"AUT","SAVING","TOT","PC_GDP","A","1970",14.7958499183351,"E"
"AUT","SAVING","TOT","PC_GDP","A","1971",14.5787406443945,"E"
"AUT","SAVING","TOT","PC_GDP","A","1972",15.1076803422747,"E"
"AUT","SAVING","TOT","PC_GDP","A","1973",15.1494580191315,"E"
"AUT","SAVING","TOT","PC_GDP","A","1974",14.7772254086693,"E"
"AUT","SAVING","TOT","PC_GDP","A","1975",11.2196804444114,"E"
"AUT","SAVING","TOT","PC_GDP","A","1976",10.8359728634483,"E"
"AUT","SAVING","TOT","PC_GDP","A","1977",9.63667428987538,"E"
"AUT","SAVING","TOT","PC_GDP","A","1978",10.574607101468,"E"
"AUT","SAVING","TOT","PC_GDP","A","1979",11.3462209983595,"E"
"AUT","SAVING","TOT","PC_GDP","A","1980",10.1052638485804,"E"
"AUT","SAVING","TOT","PC_GDP","A","1981",7.85451046315647,"E"
"AUT","SAVING","TOT","PC_GDP","A","1982",7.23422917221386,"E"
"AUT","SAVING","TOT","PC_GDP","A","1983",6.33706866855474,"E"
"AUT","SAVING","TOT","PC_GDP","A","1984",7.3917193300261,"E"
"AUT","SAVING","TOT","PC_GDP","A","1985",7.4531322455504,"E"
"AUT","SAVING","TOT","PC_GDP","A","1986",7.76109895609573,"E"
"AUT","SAVING","TOT","PC_GDP","A","1987",7.80915033901731,"E"
"AUT","SAVING","TOT","PC_GDP","A","1988",9.15357282056691,"E"
"AUT","SAVING","TOT","PC_GDP","A","1989",9.90077386257189,"E"
"AUT","SAVING","TOT","PC_GDP","A","1990",10.3493078508227,"E"
"AUT","SAVING","TOT","PC_GDP","A","1991",10.005682494932,"E"
"AUT","SAVING","TOT","PC_GDP","A","1992",8.83974598563794,"E"
"AUT","SAVING","TOT","PC_GDP","A","1993",7.76122083860444,"E"
"AUT","SAVING","TOT","PC_GDP","A","1994",7.83837568959722,"E"
"AUT","SAVING","TOT","PC_GDP","A","1995",8.25564984747358,
"AUT","SAVING","TOT","PC_GDP","A","1996",7.77886027502442,
"AUT","SAVING","TOT","PC_GDP","A","1997",7.90849016573218,
"AUT","SAVING","TOT","PC_GDP","A","1998",8.29410805717501,
"AUT","SAVING","TOT","PC_GDP","A","1999",7.56823944283112,
"AUT","SAVING","TOT","PC_GDP","A","2000",8.6477245446861,
"AUT","SAVING","TOT","PC_GDP","A","2001",7.84368834601488,
"AUT","SAVING","TOT","PC_GDP","A","2002",9.30808191157951,
"AUT","SAVING","TOT","PC_GDP","A","2003",8.79141884374038,
"AUT","SAVING","TOT","PC_GDP","A","2004",9.39387804971243,
"AUT","SAVING","TOT","PC_GDP","A","2005",8.90071724088746,
"AUT","SAVING","TOT","PC_GDP","A","2006",10.2138919728949,
"AUT","SAVING","TOT","PC_GDP","A","2007",11.8932465078189,
"AUT","SAVING","TOT","PC_GDP","A","2008",12.0872375863842,
"AUT","SAVING","TOT","PC_GDP","A","2009",7.33832280218836,
"AUT","SAVING","TOT","PC_GDP","A","2010",8.32740108167501,
"AUT","SAVING","TOT","PC_GDP","A","2011",8.76839309207991,
"AUT","SAVING","TOT","PC_GDP","A","2012",8.1888752732439,
"AUT","SAVING","TOT","PC_GDP","A","2013",7.5503951403815,
"AUT","SAVING","TOT","PC_GDP","A","2014",8.00393653150403,
"AUT","SAVING","TOT","PC_GDP","A","2015",7.76255839071067,
"AUT","SAVING","TOT","PC_GDP","A","2016",9.28813243665305,
"AUT","SAVING","TOT","PC_GDP","A","2017",8.40316841584108,
"AUT","SAVING","TOT","PC_GDP","A","2018",8.82249273819128,
"AUT","SAVING","TOT","PC_GDP","A","2019",9.47025011713919,
"AUT","SAVING","TOT","PC_GDP","A","2020",7.75436480427004,
"USA","SAVING","TOT","PC_GDP","A","1970",8.51520959132696,
"USA","SAVING","TOT","PC_GDP","A","1971",8.34442202858737,
"USA","SAVING","TOT","PC_GDP","A","1972",9.1174332152825,
"USA","SAVING","TOT","PC_GDP","A","1973",10.9865747704465,
"USA","SAVING","TOT","PC_GDP","A","1974",9.20949002842919,
"USA","SAVING","TOT","PC_GDP","A","1975",6.50672085768685,
"USA","SAVING","TOT","PC_GDP","A","1976",7.4240476734429,
"USA","SAVING","TOT","PC_GDP","A","1977",8.14611787920797,
"USA","SAVING","TOT","PC_GDP","A","1978",9.38918582632498,
"USA","SAVING","TOT","PC_GDP","A","1979",9.12130285730815,
"USA","SAVING","TOT","PC_GDP","A","1980",7.05905945703419,
"USA","SAVING","TOT","PC_GDP","A","1981",8.00214278520293,
"USA","SAVING","TOT","PC_GDP","A","1982",5.64823318696245,
"USA","SAVING","TOT","PC_GDP","A","1983",4.23933376590999,
"USA","SAVING","TOT","PC_GDP","A","1984",7.01394611122958,
"USA","SAVING","TOT","PC_GDP","A","1985",5.55006143150267,
"USA","SAVING","TOT","PC_GDP","A","1986",3.9131755375051,
"USA","SAVING","TOT","PC_GDP","A","1987",4.50056279691013,
"USA","SAVING","TOT","PC_GDP","A","1988",5.57900236763999,
"USA","SAVING","TOT","PC_GDP","A","1989",4.8130842778087,
"USA","SAVING","TOT","PC_GDP","A","1990",3.77052776186522,
"USA","SAVING","TOT","PC_GDP","A","1991",3.58807033759767,
"USA","SAVING","TOT","PC_GDP","A","1992",2.87361354729602,
"USA","SAVING","TOT","PC_GDP","A","1993",2.33130603673454,
"USA","SAVING","TOT","PC_GDP","A","1994",3.28655473762617,
"USA","SAVING","TOT","PC_GDP","A","1995",3.97814116667969,
"USA","SAVING","TOT","PC_GDP","A","1996",4.99928032798216,
"USA","SAVING","TOT","PC_GDP","A","1997",6.30943420686928,
"USA","SAVING","TOT","PC_GDP","A","1998",6.85033141461424,
"USA","SAVING","TOT","PC_GDP","A","1999",6.34746217801946,
"USA","SAVING","TOT","PC_GDP","A","2000",6.02893272741888,
"USA","SAVING","TOT","PC_GDP","A","2001",4.49946318861145,
"USA","SAVING","TOT","PC_GDP","A","2002",3.1767825882954,
"USA","SAVING","TOT","PC_GDP","A","2003",2.41522461146341,
"USA","SAVING","TOT","PC_GDP","A","2004",2.83811440857624,
"USA","SAVING","TOT","PC_GDP","A","2005",3.07054184394944,
"USA","SAVING","TOT","PC_GDP","A","2006",3.87350284095865,
"USA","SAVING","TOT","PC_GDP","A","2007",1.96793224481471,
"USA","SAVING","TOT","PC_GDP","A","2008",-0.753162080999809,
"USA","SAVING","TOT","PC_GDP","A","2009",-2.46946640045249,
"USA","SAVING","TOT","PC_GDP","A","2010",-0.480059432638912,
"USA","SAVING","TOT","PC_GDP","A","2011",0.575618900095136,
"USA","SAVING","TOT","PC_GDP","A","2012",2.86242684095024,
"USA","SAVING","TOT","PC_GDP","A","2013",3.21607609387197,
"USA","SAVING","TOT","PC_GDP","A","2014",4.2890856637122,
"USA","SAVING","TOT","PC_GDP","A","2015",4.18549399833231,
"USA","SAVING","TOT","PC_GDP","A","2016",2.80770807076462,
"USA","SAVING","TOT","PC_GDP","A","2017",3.29835438807004,
"USA","SAVING","TOT","PC_GDP","A","2018",3.22467907029901,
"USA","SAVING","TOT","PC_GDP","A","2019",2.6551167285263,
"HUN","SAVING","TOT","PC_GDP","A","1995",-0.441573785263712,"E"
"HUN","SAVING","TOT","PC_GDP","A","1996",0.64957622675974,"E"
"HUN","SAVING","TOT","PC_GDP","A","1997",2.21083341331988,"E"
"HUN","SAVING","TOT","PC_GDP","A","1998",2.65388933687247,"E"
"HUN","SAVING","TOT","PC_GDP","A","1999",-0.640152142040942,
"HUN","SAVING","TOT","PC_GDP","A","2000",0.305815378084685,
"HUN","SAVING","TOT","PC_GDP","A","2001",1.62847513101755,
"HUN","SAVING","TOT","PC_GDP","A","2002",1.58220276990883,
"HUN","SAVING","TOT","PC_GDP","A","2003",-0.777853403067481,
"HUN","SAVING","TOT","PC_GDP","A","2004",0.747905706308264,
"HUN","SAVING","TOT","PC_GDP","A","2005",0.908484072568638,
"HUN","SAVING","TOT","PC_GDP","A","2006",2.00500482303777,
"HUN","SAVING","TOT","PC_GDP","A","2007",0.51908009655216,
"HUN","SAVING","TOT","PC_GDP","A","2008",1.53958362254141,
"HUN","SAVING","TOT","PC_GDP","A","2009",1.89588899699343,
"HUN","SAVING","TOT","PC_GDP","A","2010",2.8100651958401,
"HUN","SAVING","TOT","PC_GDP","A","2011",3.09491813638497,
"HUN","SAVING","TOT","PC_GDP","A","2012",2.83497075173003,
"HUN","SAVING","TOT","PC_GDP","A","2013",6.69558635803933,
"HUN","SAVING","TOT","PC_GDP","A","2014",7.57148964502951,
"HUN","SAVING","TOT","PC_GDP","A","2015",8.78965400538374,
"HUN","SAVING","TOT","PC_GDP","A","2016",9.17455664878945,
"HUN","SAVING","TOT","PC_GDP","A","2017",8.4779479486923,
"HUN","SAVING","TOT","PC_GDP","A","2018",11.017351042472,
"HUN","SAVING","TOT","PC_GDP","A","2019",11.7749004273246,
"HUN","SAVING","TOT","PC_GDP","A","2020",8.30401813735334,"E"
"FRA","SAVING","TOT","PC_GDP","A","1978",10.4212383288155,
"FRA","SAVING","TOT","PC_GDP","A","1979",10.2872856030738,
"FRA","SAVING","TOT","PC_GDP","A","1980",8.94171813090732,
"FRA","SAVING","TOT","PC_GDP","A","1981",6.1878290537957,
"FRA","SAVING","TOT","PC_GDP","A","1982",4.83882803260812,
"FRA","SAVING","TOT","PC_GDP","A","1983",4.37071107066434,
"FRA","SAVING","TOT","PC_GDP","A","1984",4.27138876709616,
"FRA","SAVING","TOT","PC_GDP","A","1985",4.2316834479582,
"FRA","SAVING","TOT","PC_GDP","A","1986",5.75671866790409,
"FRA","SAVING","TOT","PC_GDP","A","1987",5.41552811212372,
"FRA","SAVING","TOT","PC_GDP","A","1988",6.89774809098426,
"FRA","SAVING","TOT","PC_GDP","A","1989",7.79213355249764,
"FRA","SAVING","TOT","PC_GDP","A","1990",7.65206265317319,
"FRA","SAVING","TOT","PC_GDP","A","1991",6.39476781731329,
"FRA","SAVING","TOT","PC_GDP","A","1992",5.95402406579056,
"FRA","SAVING","TOT","PC_GDP","A","1993",4.45023679669106,
"FRA","SAVING","TOT","PC_GDP","A","1994",5.04395834445747,
"FRA","SAVING","TOT","PC_GDP","A","1995",5.69470061308098,
"FRA","SAVING","TOT","PC_GDP","A","1996",5.50569926836631,
"FRA","SAVING","TOT","PC_GDP","A","1997",6.96400075186981,
"FRA","SAVING","TOT","PC_GDP","A","1998",8.29878925597827,
"FRA","SAVING","TOT","PC_GDP","A","1999",9.11892156953717,
"FRA","SAVING","TOT","PC_GDP","A","2000",8.5631871011812,
"FRA","SAVING","TOT","PC_GDP","A","2001",8.49707450266545,
"FRA","SAVING","TOT","PC_GDP","A","2002",7.18043315747477,
"FRA","SAVING","TOT","PC_GDP","A","2003",6.58424226665669,
"FRA","SAVING","TOT","PC_GDP","A","2004",6.84810439320219,
"FRA","SAVING","TOT","PC_GDP","A","2005",6.42067381880679,
"FRA","SAVING","TOT","PC_GDP","A","2006",6.81026604427885,
"FRA","SAVING","TOT","PC_GDP","A","2007",7.09651996538509,
"FRA","SAVING","TOT","PC_GDP","A","2008",6.28815788152862,
"FRA","SAVING","TOT","PC_GDP","A","2009",3.08527789913562,
"FRA","SAVING","TOT","PC_GDP","A","2010",3.39183947789017,
"FRA","SAVING","TOT","PC_GDP","A","2011",4.20381379626296,
"FRA","SAVING","TOT","PC_GDP","A","2012",3.44177816587866,
"FRA","SAVING","TOT","PC_GDP","A","2013",3.28591353913137,
"FRA","SAVING","TOT","PC_GDP","A","2014",3.45163308547678,
"FRA","SAVING","TOT","PC_GDP","A","2015",4.3893101992693,
"FRA","SAVING","TOT","PC_GDP","A","2016",4.0843657640181,
"FRA","SAVING","TOT","PC_GDP","A","2017",4.69785072708927,"E"
"FRA","SAVING","TOT","PC_GDP","A","2018",4.77593675977635,"E"
"FRA","SAVING","TOT","PC_GDP","A","2019",4.76396179083415,"E"
"DNK","SAVING","TOT","PC_GDP","A","1970",9.23042675014177,"E"
"DNK","SAVING","TOT","PC_GDP","A","1971",9.28650388476958,"E"
"DNK","SAVING","TOT","PC_GDP","A","1972",11.7403227674981,"E"
"DNK","SAVING","TOT","PC_GDP","A","1973",11.9440060094059,"E"
"DNK","SAVING","TOT","PC_GDP","A","1974",9.08220335748248,"E"
"DNK","SAVING","TOT","PC_GDP","A","1975",6.32288314936116,"E"
"DNK","SAVING","TOT","PC_GDP","A","1976",6.69417496685521,"E"
"DNK","SAVING","TOT","PC_GDP","A","1977",6.73926202684881,"E"
"DNK","SAVING","TOT","PC_GDP","A","1978",7.21952640033077,"E"
"DNK","SAVING","TOT","PC_GDP","A","1979",5.09995286795758,"E"
"DNK","SAVING","TOT","PC_GDP","A","1980",2.55704234792235,"E"
"DNK","SAVING","TOT","PC_GDP","A","1981",-0.214175645289738,"E"
"DNK","SAVING","TOT","PC_GDP","A","1982",-0.180827226889773,"E"
"DNK","SAVING","TOT","PC_GDP","A","1983",1.30915718158517,"E"
"DNK","SAVING","TOT","PC_GDP","A","1984",3.18582614766706,"E"
"DNK","SAVING","TOT","PC_GDP","A","1985",3.51360242439647,"E"
"DNK","SAVING","TOT","PC_GDP","A","1986",4.53991434009092,"E"
"DNK","SAVING","TOT","PC_GDP","A","1987",4.51535049355371,"E"
"DNK","SAVING","TOT","PC_GDP","A","1988",4.4147500379885,"E"
"DNK","SAVING","TOT","PC_GDP","A","1989",4.35215119073575,"E"
"DNK","SAVING","TOT","PC_GDP","A","1990",5.25934647450811,"E"
"DNK","SAVING","TOT","PC_GDP","A","1991",4.04113552217787,"E"
"DNK","SAVING","TOT","PC_GDP","A","1992",4.56470135266901,"E"
"DNK","SAVING","TOT","PC_GDP","A","1993",3.25876376749856,"E"
"DNK","SAVING","TOT","PC_GDP","A","1994",3.73861325667465,"E"
"DNK","SAVING","TOT","PC_GDP","A","1995",4.95396664916172,
"DNK","SAVING","TOT","PC_GDP","A","1996",5.09841841338515,
"DNK","SAVING","TOT","PC_GDP","A","1997",6.23769014421661,
"DNK","SAVING","TOT","PC_GDP","A","1998",5.41514955758077,
"DNK","SAVING","TOT","PC_GDP","A","1999",6.52184026691904,
"DNK","SAVING","TOT","PC_GDP","A","2000",7.79072302021432,
"DNK","SAVING","TOT","PC_GDP","A","2001",8.35959229180408,
"DNK","SAVING","TOT","PC_GDP","A","2002",7.34568022859907,
"DNK","SAVING","TOT","PC_GDP","A","2003",7.04909779649816,
"DNK","SAVING","TOT","PC_GDP","A","2004",7.57217394250013,
"DNK","SAVING","TOT","PC_GDP","A","2005",9.50097755389324,
"DNK","SAVING","TOT","PC_GDP","A","2006",11.0160128159056,
"DNK","SAVING","TOT","PC_GDP","A","2007",9.61770436879624,
"DNK","SAVING","TOT","PC_GDP","A","2008",8.73497797281002,
"DNK","SAVING","TOT","PC_GDP","A","2009",4.35550483088506,
"DNK","SAVING","TOT","PC_GDP","A","2010",6.93054424382175,
"DNK","SAVING","TOT","PC_GDP","A","2011",8.1628018018773,
"DNK","SAVING","TOT","PC_GDP","A","2012",8.20331478085936,
"DNK","SAVING","TOT","PC_GDP","A","2013",10.1497813649162,
"DNK","SAVING","TOT","PC_GDP","A","2014",12.1467924727729,
"DNK","SAVING","TOT","PC_GDP","A","2015",12.2570892767194,
"DNK","SAVING","TOT","PC_GDP","A","2016",12.988657965276,
"DNK","SAVING","TOT","PC_GDP","A","2017",13.7151612307428,
"DNK","SAVING","TOT","PC_GDP","A","2018",13.3787256952408,
"DNK","SAVING","TOT","PC_GDP","A","2019",14.1776990788636,
"DNK","SAVING","TOT","PC_GDP","A","2020",14.1224008827392,
"NZL","SAVING","TOT","PC_GDP","A","1970",8.17525191906008,"E"
"NZL","SAVING","TOT","PC_GDP","A","1971",10.7565225035765,
"NZL","SAVING","TOT","PC_GDP","A","1972",11.349317289604,
"NZL","SAVING","TOT","PC_GDP","A","1973",12.8176193675889,
"NZL","SAVING","TOT","PC_GDP","A","1974",7.68729424679016,
"NZL","SAVING","TOT","PC_GDP","A","1975",1.83056942464801,
"NZL","SAVING","TOT","PC_GDP","A","1976",6.18163035356427,
"NZL","SAVING","TOT","PC_GDP","A","1977",4.23408666624114,
"NZL","SAVING","TOT","PC_GDP","A","1978",2.92534782706345,
"NZL","SAVING","TOT","PC_GDP","A","1979",4.13309370193712,
"NZL","SAVING","TOT","PC_GDP","A","1980",2.79584873269968,
"NZL","SAVING","TOT","PC_GDP","A","1981",5.44901605691057,
"NZL","SAVING","TOT","PC_GDP","A","1982",3.97150558547239,
"NZL","SAVING","TOT","PC_GDP","A","1983",5.81753186320565,
"NZL","SAVING","TOT","PC_GDP","A","1984",4.97620992093552,
"NZL","SAVING","TOT","PC_GDP","A","1985",2.43485851493471,
"NZL","SAVING","TOT","PC_GDP","A","1986",5.79862432488396,
"NZL","SAVING","TOT","PC_GDP","A","1987",5.4275325471481,
"NZL","SAVING","TOT","PC_GDP","A","1988",6.16377768873535,
"NZL","SAVING","TOT","PC_GDP","A","1989",5.22388712400348,
"NZL","SAVING","TOT","PC_GDP","A","1990",2.61707302900206,
"NZL","SAVING","TOT","PC_GDP","A","1991",-0.756259746532256,
"NZL","SAVING","TOT","PC_GDP","A","1992",-0.026302142793293,
"NZL","SAVING","TOT","PC_GDP","A","1993",3.31065507222354,
"NZL","SAVING","TOT","PC_GDP","A","1994",4.69894636306275,
"NZL","SAVING","TOT","PC_GDP","A","1995",5.13064634128601,
"NZL","SAVING","TOT","PC_GDP","A","1996",3.76223845857113,
"NZL","SAVING","TOT","PC_GDP","A","1997",4.58495928445356,
"NZL","SAVING","TOT","PC_GDP","A","1998",3.17712281935109,
"NZL","SAVING","TOT","PC_GDP","A","1999",3.8820746133941,
"NZL","SAVING","TOT","PC_GDP","A","2000",5.06251947446157,
"NZL","SAVING","TOT","PC_GDP","A","2001",7.30009208465411,
"NZL","SAVING","TOT","PC_GDP","A","2002",6.84257735628528,
"NZL","SAVING","TOT","PC_GDP","A","2003",7.69386753262931,
"NZL","SAVING","TOT","PC_GDP","A","2004",6.497085015431,
"NZL","SAVING","TOT","PC_GDP","A","2005",3.69537760177246,
"NZL","SAVING","TOT","PC_GDP","A","2006",2.6117952809237,
"NZL","SAVING","TOT","PC_GDP","A","2007",4.17275966797555,
"NZL","SAVING","TOT","PC_GDP","A","2008",0.547133982028024,
"NZL","SAVING","TOT","PC_GDP","A","2009",2.85732334976789,
"NZL","SAVING","TOT","PC_GDP","A","2010",2.67432380865734,
"NZL","SAVING","TOT","PC_GDP","A","2011",3.18862800751086,
"NZL","SAVING","TOT","PC_GDP","A","2012",3.1986057483367,
"NZL","SAVING","TOT","PC_GDP","A","2013",5.87843789992783,
"NZL","SAVING","TOT","PC_GDP","A","2014",5.86186572299831,
"NZL","SAVING","TOT","PC_GDP","A","2015",6.6461843416621,
"NZL","SAVING","TOT","PC_GDP","A","2016",6.59898268821245,
"NZL","SAVING","TOT","PC_GDP","A","2017",7.06909286969897,
"NZL","SAVING","TOT","PC_GDP","A","2018",6.47411002800591,
"NZL","SAVING","TOT","PC_GDP","A","2019",6.96312587798705,"E"
"LUX","SAVING","TOT","PC_GDP","A","1995",19.9462696827266,
"LUX","SAVING","TOT","PC_GDP","A","1996",18.5382019777325,
"LUX","SAVING","TOT","PC_GDP","A","1997",17.5679468978703,
"LUX","SAVING","TOT","PC_GDP","A","1998",19.4793254300448,
"LUX","SAVING","TOT","PC_GDP","A","1999",17.1386086434049,
"LUX","SAVING","TOT","PC_GDP","A","2000",17.0116392885121,
"LUX","SAVING","TOT","PC_GDP","A","2001",16.92135168635,
"LUX","SAVING","TOT","PC_GDP","A","2002",14.0341721957464,
"LUX","SAVING","TOT","PC_GDP","A","2003",10.4410341794025,
"LUX","SAVING","TOT","PC_GDP","A","2004",14.4884314086007,
"LUX","SAVING","TOT","PC_GDP","A","2005",17.4882020024051,
"LUX","SAVING","TOT","PC_GDP","A","2006",7.8814819409894,
"LUX","SAVING","TOT","PC_GDP","A","2007",16.9287402924342,
"LUX","SAVING","TOT","PC_GDP","A","2008",13.9264219333185,
"LUX","SAVING","TOT","PC_GDP","A","2009",1.27398344251734,
"LUX","SAVING","TOT","PC_GDP","A","2010",10.2005260748044,
"LUX","SAVING","TOT","PC_GDP","A","2011",8.57085499586156,
"LUX","SAVING","TOT","PC_GDP","A","2012",6.43593836234944,
"LUX","SAVING","TOT","PC_GDP","A","2013",5.65175451770157,
"LUX","SAVING","TOT","PC_GDP","A","2014",7.11393310253791,
"LUX","SAVING","TOT","PC_GDP","A","2015",7.46218705432262,
"LUX","SAVING","TOT","PC_GDP","A","2016",7.18722443902537,
"LUX","SAVING","TOT","PC_GDP","A","2017",5.41596331118079,
"LUX","SAVING","TOT","PC_GDP","A","2018",5.39576038688844,
"EST","SAVING","TOT","PC_GDP","A","2000",11.5923147166163,
"EST","SAVING","TOT","PC_GDP","A","2001",11.7935481555169,
"EST","SAVING","TOT","PC_GDP","A","2002",10.4369977679998,
"EST","SAVING","TOT","PC_GDP","A","2003",10.1902090521412,
"EST","SAVING","TOT","PC_GDP","A","2004",9.42889929054576,
"EST","SAVING","TOT","PC_GDP","A","2005",11.8254763558081,
"EST","SAVING","TOT","PC_GDP","A","2006",11.5096370900285,
"EST","SAVING","TOT","PC_GDP","A","2007",11.1244168713761,
"EST","SAVING","TOT","PC_GDP","A","2008",8.5557500901865,
"EST","SAVING","TOT","PC_GDP","A","2009",5.8902383798012,
"EST","SAVING","TOT","PC_GDP","A","2010",6.3495928723812,
"EST","SAVING","TOT","PC_GDP","A","2011",11.1523144662224,
"EST","SAVING","TOT","PC_GDP","A","2012",11.5746877040365,
"EST","SAVING","TOT","PC_GDP","A","2013",11.0011301276324,
"EST","SAVING","TOT","PC_GDP","A","2014",11.7641331457457,
"EST","SAVING","TOT","PC_GDP","A","2015",10.1035502663889,
"EST","SAVING","TOT","PC_GDP","A","2016",10.1559185241793,
"EST","SAVING","TOT","PC_GDP","A","2017",12.5406912683793,
"EST","SAVING","TOT","PC_GDP","A","2018",13.1588139357111,
"EST","SAVING","TOT","PC_GDP","A","2019",13.7118136707821,
"GBR","SAVING","TOT","PC_GDP","A","1970",8.27225234193843,"E"
"GBR","SAVING","TOT","PC_GDP","A","1971",7.46260450712535,"E"
"GBR","SAVING","TOT","PC_GDP","A","1972",6.43581218521761,"E"
"GBR","SAVING","TOT","PC_GDP","A","1973",6.74561157092555,"E"
"GBR","SAVING","TOT","PC_GDP","A","1974",4.27782217179563,"E"
"GBR","SAVING","TOT","PC_GDP","A","1975",3.45776186865458,"E"
"GBR","SAVING","TOT","PC_GDP","A","1976",4.19484303486558,"E"
"GBR","SAVING","TOT","PC_GDP","A","1977",4.86450335451213,"E"
"GBR","SAVING","TOT","PC_GDP","A","1978",4.9577484855064,"E"
"GBR","SAVING","TOT","PC_GDP","A","1979",4.62317064493073,"E"
"GBR","SAVING","TOT","PC_GDP","A","1980",3.13348864279056,"E"
"GBR","SAVING","TOT","PC_GDP","A","1981",2.23672496158334,"E"
"GBR","SAVING","TOT","PC_GDP","A","1982",2.39342846033455,"E"
"GBR","SAVING","TOT","PC_GDP","A","1983",2.82190346401451,"E"
"GBR","SAVING","TOT","PC_GDP","A","1984",2.9973538522242,"E"
"GBR","SAVING","TOT","PC_GDP","A","1985",3.07150780589951,"E"
"GBR","SAVING","TOT","PC_GDP","A","1986",2.51108933583367,"E"
"GBR","SAVING","TOT","PC_GDP","A","1987",2.78351183251331,"E"
"GBR","SAVING","TOT","PC_GDP","A","1988",2.77284400161232,"E"
"GBR","SAVING","TOT","PC_GDP","A","1989",2.79905741053101,"E"
"GBR","SAVING","TOT","PC_GDP","A","1990",2.07592029907405,"E"
"GBR","SAVING","TOT","PC_GDP","A","1991",1.37869775794478,"E"
"GBR","SAVING","TOT","PC_GDP","A","1992",0.972084398994676,"E"
"GBR","SAVING","TOT","PC_GDP","A","1993",1.06563639624815,"E"
"GBR","SAVING","TOT","PC_GDP","A","1994",2.28987798934705,"E"
"GBR","SAVING","TOT","PC_GDP","A","1995",2.47364696916712,"E"
"GBR","SAVING","TOT","PC_GDP","A","1996",2.53546181590511,"E"
"GBR","SAVING","TOT","PC_GDP","A","1997",3.31273637492264,"E"
"GBR","SAVING","TOT","PC_GDP","A","1998",3.88053422409344,"E"
"GBR","SAVING","TOT","PC_GDP","A","1999",2.47080050289356,
"GBR","SAVING","TOT","PC_GDP","A","2000",2.96659080564406,
"GBR","SAVING","TOT","PC_GDP","A","2001",2.64705702074301,
"GBR","SAVING","TOT","PC_GDP","A","2002",2.44208357976235,
"GBR","SAVING","TOT","PC_GDP","A","2003",2.42077192314103,
"GBR","SAVING","TOT","PC_GDP","A","2004",1.9012772198262,
"GBR","SAVING","TOT","PC_GDP","A","2005",2.53790931486022,
"GBR","SAVING","TOT","PC_GDP","A","2006",1.82349826169042,
"GBR","SAVING","TOT","PC_GDP","A","2007",1.55036812305552,
"GBR","SAVING","TOT","PC_GDP","A","2008",-0.426332539380717,
"GBR","SAVING","TOT","PC_GDP","A","2009",-3.34932439375257,
"GBR","SAVING","TOT","PC_GDP","A","2010",-1.64918015500606,
"GBR","SAVING","TOT","PC_GDP","A","2011",-0.776635525774344,
"GBR","SAVING","TOT","PC_GDP","A","2012",-2.34036558408928,
"GBR","SAVING","TOT","PC_GDP","A","2013",-2.94023662204327,
"GBR","SAVING","TOT","PC_GDP","A","2014",-2.01331228326765,
"GBR","SAVING","TOT","PC_GDP","A","2015",-2.00799705665322,
"GBR","SAVING","TOT","PC_GDP","A","2016",-2.07151704966385,
"GBR","SAVING","TOT","PC_GDP","A","2017",-0.217104889842991,
"GBR","SAVING","TOT","PC_GDP","A","2018",-0.841619220191503,
"GBR","SAVING","TOT","PC_GDP","A","2019",0.247729442380402,
"GBR","SAVING","TOT","PC_GDP","A","2020",-2.03026520901658,
"JPN","SAVING","TOT","PC_GDP","A","1970",22.0567450832367,"E"
"JPN","SAVING","TOT","PC_GDP","A","1971",20.0729270303949,"E"
"JPN","SAVING","TOT","PC_GDP","A","1972",19.9971711676075,"E"
"JPN","SAVING","TOT","PC_GDP","A","1973",21.0339562273096,"E"
"JPN","SAVING","TOT","PC_GDP","A","1974",18.9424803205946,"E"
"JPN","SAVING","TOT","PC_GDP","A","1975",15.9519484808438,"E"
"JPN","SAVING","TOT","PC_GDP","A","1976",16.519783970564,"E"
"JPN","SAVING","TOT","PC_GDP","A","1977",16.0924124815745,"E"
"JPN","SAVING","TOT","PC_GDP","A","1978",16.4428699872477,"E"
"JPN","SAVING","TOT","PC_GDP","A","1979",15.6355021033879,"E"
"JPN","SAVING","TOT","PC_GDP","A","1980",15.0362527587125,"E"
"JPN","SAVING","TOT","PC_GDP","A","1981",14.7950251415766,"E"
"JPN","SAVING","TOT","PC_GDP","A","1982",13.6042887682621,"E"
"JPN","SAVING","TOT","PC_GDP","A","1983",12.4928815768852,"E"
"JPN","SAVING","TOT","PC_GDP","A","1984",13.2359423847247,"E"
"JPN","SAVING","TOT","PC_GDP","A","1985",13.9711920098125,"E"
"JPN","SAVING","TOT","PC_GDP","A","1986",13.7963268083651,"E"
"JPN","SAVING","TOT","PC_GDP","A","1987",13.663398666883,"E"
"JPN","SAVING","TOT","PC_GDP","A","1988",14.6333502022931,"E"
"JPN","SAVING","TOT","PC_GDP","A","1989",14.3969601660027,"E"
"JPN","SAVING","TOT","PC_GDP","A","1990",14.3861277641605,"E"
"JPN","SAVING","TOT","PC_GDP","A","1991",14.5445215435168,"E"
"JPN","SAVING","TOT","PC_GDP","A","1992",13.2843258569774,"E"
"JPN","SAVING","TOT","PC_GDP","A","1993",11.8042686106566,"E"
"JPN","SAVING","TOT","PC_GDP","A","1994",9.9287730412097,
"JPN","SAVING","TOT","PC_GDP","A","1995",9.76498882793486,
"JPN","SAVING","TOT","PC_GDP","A","1996",10.4804466186087,
"JPN","SAVING","TOT","PC_GDP","A","1997",10.1336153336961,
"JPN","SAVING","TOT","PC_GDP","A","1998",8.97670706325883,
"JPN","SAVING","TOT","PC_GDP","A","1999",7.35563606257429,
"JPN","SAVING","TOT","PC_GDP","A","2000",7.67331748651567,
"JPN","SAVING","TOT","PC_GDP","A","2001",5.68559734067595,
"JPN","SAVING","TOT","PC_GDP","A","2002",4.78459849751763,
"JPN","SAVING","TOT","PC_GDP","A","2003",5.29182473911605,
"JPN","SAVING","TOT","PC_GDP","A","2004",6.07180682919126,
"JPN","SAVING","TOT","PC_GDP","A","2005",6.53310438229415,
"JPN","SAVING","TOT","PC_GDP","A","2006",6.28284235557212,
"JPN","SAVING","TOT","PC_GDP","A","2007",6.63412090564171,
"JPN","SAVING","TOT","PC_GDP","A","2008",3.71116270240182,
"JPN","SAVING","TOT","PC_GDP","A","2009",-0.526631192891883,
"JPN","SAVING","TOT","PC_GDP","A","2010",1.51593197325741,
"JPN","SAVING","TOT","PC_GDP","A","2011",0.502684798378286,
"JPN","SAVING","TOT","PC_GDP","A","2012",0.365233247554771,
"JPN","SAVING","TOT","PC_GDP","A","2013",1.05852047353591,
"JPN","SAVING","TOT","PC_GDP","A","2014",1.57070686627693,
"JPN","SAVING","TOT","PC_GDP","A","2015",4.47097692833683,
"JPN","SAVING","TOT","PC_GDP","A","2016",4.94308410208893,
"JPN","SAVING","TOT","PC_GDP","A","2017",5.69425735843189,
"JPN","SAVING","TOT","PC_GDP","A","2018",5.34278238931472,
"DEU","SAVING","TOT","PC_GDP","A","1970",17.6000140884287,"E"
"DEU","SAVING","TOT","PC_GDP","A","1971",16.0443550768594,"E"
"DEU","SAVING","TOT","PC_GDP","A","1972",14.8349677053492,"E"
"DEU","SAVING","TOT","PC_GDP","A","1973",14.675180137378,"E"
"DEU","SAVING","TOT","PC_GDP","A","1974",13.0655110875315,"E"
"DEU","SAVING","TOT","PC_GDP","A","1975",9.44592471439194,"E"
"DEU","SAVING","TOT","PC_GDP","A","1976",10.2887370134269,"E"
"DEU","SAVING","TOT","PC_GDP","A","1977",10.0278332640094,"E"
"DEU","SAVING","TOT","PC_GDP","A","1978",10.5760828099398,"E"
"DEU","SAVING","TOT","PC_GDP","A","1979",9.95456796025409,"E"
"DEU","SAVING","TOT","PC_GDP","A","1980",8.3195165123078,"E"
"DEU","SAVING","TOT","PC_GDP","A","1981",6.70816730725371,"E"
"DEU","SAVING","TOT","PC_GDP","A","1982",6.71482890771832,"E"
"DEU","SAVING","TOT","PC_GDP","A","1983",7.12100312534533,"E"
"DEU","SAVING","TOT","PC_GDP","A","1984",7.60119525019475,"E"
"DEU","SAVING","TOT","PC_GDP","A","1985",8.37689812015701,"E"
"DEU","SAVING","TOT","PC_GDP","A","1986",9.92748707297036,"E"
"DEU","SAVING","TOT","PC_GDP","A","1987",9.09215888723851,"E"
"DEU","SAVING","TOT","PC_GDP","A","1988",10.2937859005167,"E"
"DEU","SAVING","TOT","PC_GDP","A","1989",11.2904131984368,"E"
"DEU","SAVING","TOT","PC_GDP","A","1990",11.0133085267858,"E"
"DEU","SAVING","TOT","PC_GDP","A","1991",8.67076064469769,"E"
"DEU","SAVING","TOT","PC_GDP","A","1992",8.22024901877007,"E"
"DEU","SAVING","TOT","PC_GDP","A","1993",6.72853854916593,"E"
"DEU","SAVING","TOT","PC_GDP","A","1994",6.64170830098649,"E"
"DEU","SAVING","TOT","PC_GDP","A","1995",6.78034001720671,
"DEU","SAVING","TOT","PC_GDP","A","1996",6.08692710447699,
"DEU","SAVING","TOT","PC_GDP","A","1997",6.27494072355506,
"DEU","SAVING","TOT","PC_GDP","A","1998",6.76497453361265,
"DEU","SAVING","TOT","PC_GDP","A","1999",6.01608172936858,
"DEU","SAVING","TOT","PC_GDP","A","2000",5.83829993030169,
"DEU","SAVING","TOT","PC_GDP","A","2001",5.70139099855469,
"DEU","SAVING","TOT","PC_GDP","A","2002",5.60515349480465,
"DEU","SAVING","TOT","PC_GDP","A","2003",4.69666345627767,
"DEU","SAVING","TOT","PC_GDP","A","2004",7.29589130703817,
"DEU","SAVING","TOT","PC_GDP","A","2005",7.010544899948,
"DEU","SAVING","TOT","PC_GDP","A","2006",9.54265685008469,
"DEU","SAVING","TOT","PC_GDP","A","2007",11.3966914044528,
"DEU","SAVING","TOT","PC_GDP","A","2008",9.78362373306002,
"DEU","SAVING","TOT","PC_GDP","A","2009",6.03230937184399,
"DEU","SAVING","TOT","PC_GDP","A","2010",7.91885041335205,
"DEU","SAVING","TOT","PC_GDP","A","2011",10.1420796269621,
"DEU","SAVING","TOT","PC_GDP","A","2012",8.88595459164903,
"DEU","SAVING","TOT","PC_GDP","A","2013",8.49164991907802,
"DEU","SAVING","TOT","PC_GDP","A","2014",9.82745958058775,
"DEU","SAVING","TOT","PC_GDP","A","2015",10.4618033296103,
"DEU","SAVING","TOT","PC_GDP","A","2016",10.8255230098828,
"DEU","SAVING","TOT","PC_GDP","A","2017",11.2088174438962,
"DEU","SAVING","TOT","PC_GDP","A","2018",11.8602317198458,"E"
"DEU","SAVING","TOT","PC_GDP","A","2019",11.3772294758662,"E"
"DEU","SAVING","TOT","PC_GDP","A","2020",8.67182767344902,"E"
"CZE","SAVING","TOT","PC_GDP","A","1992",5.62484868360456,"E"
"CZE","SAVING","TOT","PC_GDP","A","1993",8.43148987149876,"E"
"CZE","SAVING","TOT","PC_GDP","A","1994",9.08980588914721,"E"
"CZE","SAVING","TOT","PC_GDP","A","1995",10.0324123319714,
"CZE","SAVING","TOT","PC_GDP","A","1996",9.84482753908012,
"CZE","SAVING","TOT","PC_GDP","A","1997",6.00763866903701,
"CZE","SAVING","TOT","PC_GDP","A","1998",7.80502303600442,
"CZE","SAVING","TOT","PC_GDP","A","1999",5.83581855699754,
"CZE","SAVING","TOT","PC_GDP","A","2000",6.23776080768088,
"CZE","SAVING","TOT","PC_GDP","A","2001",6.47859003398826,
"CZE","SAVING","TOT","PC_GDP","A","2002",4.65789068823203,
"CZE","SAVING","TOT","PC_GDP","A","2003",3.77828275458552,
"CZE","SAVING","TOT","PC_GDP","A","2004",5.33471767243969,
"CZE","SAVING","TOT","PC_GDP","A","2005",6.94691777851297,
"CZE","SAVING","TOT","PC_GDP","A","2006",6.93404847118892,
"CZE","SAVING","TOT","PC_GDP","A","2007",8.34023183633875,
"CZE","SAVING","TOT","PC_GDP","A","2008",7.10872995849473,
"CZE","SAVING","TOT","PC_GDP","A","2009",2.28661312185154,
"CZE","SAVING","TOT","PC_GDP","A","2010",1.27707638866279,
"CZE","SAVING","TOT","PC_GDP","A","2011",1.07236672219319,
"CZE","SAVING","TOT","PC_GDP","A","2012",2.64170517731856,
"CZE","SAVING","TOT","PC_GDP","A","2013",2.08010937501131,
"CZE","SAVING","TOT","PC_GDP","A","2014",3.46297982910263,
"CZE","SAVING","TOT","PC_GDP","A","2015",5.62935613046112,
"CZE","SAVING","TOT","PC_GDP","A","2016",5.17057674864438,
"CZE","SAVING","TOT","PC_GDP","A","2017",7.17572767795211,
"CZE","SAVING","TOT","PC_GDP","A","2018",6.76163865969519,
"CZE","SAVING","TOT","PC_GDP","A","2019",6.75781490162595,
"CZE","SAVING","TOT","PC_GDP","A","2020",6.65759612181526,
"PRT","SAVING","TOT","PC_GDP","A","1970",15.850711522874,"E"
"PRT","SAVING","TOT","PC_GDP","A","1971",15.04744430027,"E"
"PRT","SAVING","TOT","PC_GDP","A","1972",19.0731086731561,"E"
"PRT","SAVING","TOT","PC_GDP","A","1973",19.1557129742434,"E"
"PRT","SAVING","TOT","PC_GDP","A","1974",11.0808839366214,"E"
"PRT","SAVING","TOT","PC_GDP","A","1975",4.71207922854987,"E"
"PRT","SAVING","TOT","PC_GDP","A","1976",6.64188459896071,"E"
"PRT","SAVING","TOT","PC_GDP","A","1977",9.24346243144547,"E"
"PRT","SAVING","TOT","PC_GDP","A","1978",12.0451908164478,"E"
"PRT","SAVING","TOT","PC_GDP","A","1979",13.9416649945321,"E"
"PRT","SAVING","TOT","PC_GDP","A","1980",13.4367585560495,"E"
"PRT","SAVING","TOT","PC_GDP","A","1981",10.8818332185878,"E"
"PRT","SAVING","TOT","PC_GDP","A","1982",9.68632677440066,"E"
"PRT","SAVING","TOT","PC_GDP","A","1983",9.35381383020218,"E"
"PRT","SAVING","TOT","PC_GDP","A","1984",8.63478539542224,"E"
"PRT","SAVING","TOT","PC_GDP","A","1985",9.94059133615262,"E"
"PRT","SAVING","TOT","PC_GDP","A","1986",12.1636370392953,"E"
"PRT","SAVING","TOT","PC_GDP","A","1987",13.6023467317962,"E"
"PRT","SAVING","TOT","PC_GDP","A","1988",13.312720328883,"E"
"PRT","SAVING","TOT","PC_GDP","A","1989",14.1629705269315,"E"
"PRT","SAVING","TOT","PC_GDP","A","1990",12.7503727871129,"E"
"PRT","SAVING","TOT","PC_GDP","A","1991",9.8267356660142,"E"
"PRT","SAVING","TOT","PC_GDP","A","1992",9.15318923997064,"E"
"PRT","SAVING","TOT","PC_GDP","A","1993",5.77265409152749,"E"
"PRT","SAVING","TOT","PC_GDP","A","1994",4.68146527329296,"E"
"PRT","SAVING","TOT","PC_GDP","A","1995",5.43178409597271,
"PRT","SAVING","TOT","PC_GDP","A","1996",4.67615432155246,
"PRT","SAVING","TOT","PC_GDP","A","1997",5.3867900779979,
"PRT","SAVING","TOT","PC_GDP","A","1998",6.00658905902462,
"PRT","SAVING","TOT","PC_GDP","A","1999",5.54395131472328,
"PRT","SAVING","TOT","PC_GDP","A","2000",2.85707733269415,
"PRT","SAVING","TOT","PC_GDP","A","2001",2.71567280838847,
"PRT","SAVING","TOT","PC_GDP","A","2002",1.74497271961625,
"PRT","SAVING","TOT","PC_GDP","A","2003",0.628083421336951,
"PRT","SAVING","TOT","PC_GDP","A","2004",-0.309740553706224,
"PRT","SAVING","TOT","PC_GDP","A","2005",-2.48024782976896,
"PRT","SAVING","TOT","PC_GDP","A","2006",-3.13611168749921,
"PRT","SAVING","TOT","PC_GDP","A","2007",-2.45057365853081,
"PRT","SAVING","TOT","PC_GDP","A","2008",-5.07585809066806,
"PRT","SAVING","TOT","PC_GDP","A","2009",-5.86619599393642,
"PRT","SAVING","TOT","PC_GDP","A","2010",-6.19172583177761,
"PRT","SAVING","TOT","PC_GDP","A","2011",-4.06110306623305,
"PRT","SAVING","TOT","PC_GDP","A","2012",-3.9929589590086,
"PRT","SAVING","TOT","PC_GDP","A","2013",-1.71326771420938,
"PRT","SAVING","TOT","PC_GDP","A","2014",-2.28441761464654,
"PRT","SAVING","TOT","PC_GDP","A","2015",-1.396798105363,
"PRT","SAVING","TOT","PC_GDP","A","2016",-0.757333064164026,
"PRT","SAVING","TOT","PC_GDP","A","2017",0.951242939361066,
"PRT","SAVING","TOT","PC_GDP","A","2018",0.989471290673542,
"PRT","SAVING","TOT","PC_GDP","A","2019",0.983956496342711,
"PRT","SAVING","TOT","PC_GDP","A","2020",-1.98065376084754,"E"
"GRC","SAVING","TOT","PC_GDP","A","2006",-0.45034547449569,
"GRC","SAVING","TOT","PC_GDP","A","2007",-2.87534690190187,
"GRC","SAVING","TOT","PC_GDP","A","2008",-6.36510886400057,
"GRC","SAVING","TOT","PC_GDP","A","2009",-10.037909811484,
"GRC","SAVING","TOT","PC_GDP","A","2010",-9.08989968253993,"B"
"GRC","SAVING","TOT","PC_GDP","A","2011",-12.8465006644519,
"GRC","SAVING","TOT","PC_GDP","A","2012",-10.099120354092,
"GRC","SAVING","TOT","PC_GDP","A","2013",-7.72511895874186,
"GRC","SAVING","TOT","PC_GDP","A","2014",-6.78380167436125,
"GRC","SAVING","TOT","PC_GDP","A","2015",-6.06082108067789,
"GRC","SAVING","TOT","PC_GDP","A","2016",-5.72680164954715,
"GRC","SAVING","TOT","PC_GDP","A","2017",-5.86411776544717,
"GRC","SAVING","TOT","PC_GDP","A","2018",-5.68139230723574,"E"
"GRC","SAVING","TOT","PC_GDP","A","2019",-4.45623778364652,"E"
"GRC","SAVING","TOT","PC_GDP","A","2020",-8.80071869258782,"E"
"NLD","SAVING","TOT","PC_GDP","A","1970",17.5077259293868,"E"
"NLD","SAVING","TOT","PC_GDP","A","1971",16.5432358849023,"E"
"NLD","SAVING","TOT","PC_GDP","A","1972",17.0024606421268,"E"
"NLD","SAVING","TOT","PC_GDP","A","1973",17.7673283988903,"E"
"NLD","SAVING","TOT","PC_GDP","A","1974",17.2443702231856,"E"
"NLD","SAVING","TOT","PC_GDP","A","1975",13.2257741469034,"E"
"NLD","SAVING","TOT","PC_GDP","A","1976",13.8581950562672,"E"
"NLD","SAVING","TOT","PC_GDP","A","1977",11.8907989339613,"E"
"NLD","SAVING","TOT","PC_GDP","A","1978",9.95722881191825,"E"
"NLD","SAVING","TOT","PC_GDP","A","1979",9.92447756316906,"E"
"NLD","SAVING","TOT","PC_GDP","A","1980",9.63669577102493,"E"
"NLD","SAVING","TOT","PC_GDP","A","1981",9.47520495553739,"E"
"NLD","SAVING","TOT","PC_GDP","A","1982",8.59022475287276,"E"
"NLD","SAVING","TOT","PC_GDP","A","1983",9.10040639322385,"E"
"NLD","SAVING","TOT","PC_GDP","A","1984",11.8443811802732,"E"
"NLD","SAVING","TOT","PC_GDP","A","1985",9.98616417079608,"E"
"NLD","SAVING","TOT","PC_GDP","A","1986",10.3368035495793,"E"
"NLD","SAVING","TOT","PC_GDP","A","1987",9.596478120981,"E"
"NLD","SAVING","TOT","PC_GDP","A","1988",10.6282839523216,"E"
"NLD","SAVING","TOT","PC_GDP","A","1989",11.8867700731348,"E"
"NLD","SAVING","TOT","PC_GDP","A","1990",10.6876607843323,"E"
"NLD","SAVING","TOT","PC_GDP","A","1991",10.2362852509752,"E"
"NLD","SAVING","TOT","PC_GDP","A","1992",9.33219919586207,"E"
"NLD","SAVING","TOT","PC_GDP","A","1993",9.35870257468834,"E"
"NLD","SAVING","TOT","PC_GDP","A","1994",10.7428436171512,"E"
"NLD","SAVING","TOT","PC_GDP","A","1995",12.06110205828,
"NLD","SAVING","TOT","PC_GDP","A","1996",12.5548059484947,
"NLD","SAVING","TOT","PC_GDP","A","1997",12.9211534605442,
"NLD","SAVING","TOT","PC_GDP","A","1998",11.970225338896,
"NLD","SAVING","TOT","PC_GDP","A","1999",13.2175015913355,
"NLD","SAVING","TOT","PC_GDP","A","2000",13.6068689201716,
"NLD","SAVING","TOT","PC_GDP","A","2001",11.5345904901833,
"NLD","SAVING","TOT","PC_GDP","A","2002",10.0401686564752,
"NLD","SAVING","TOT","PC_GDP","A","2003",10.4500692264191,
"NLD","SAVING","TOT","PC_GDP","A","2004",10.7238808508066,
"NLD","SAVING","TOT","PC_GDP","A","2005",9.57208699487913,
"NLD","SAVING","TOT","PC_GDP","A","2006",12.6448560079104,
"NLD","SAVING","TOT","PC_GDP","A","2007",12.9941696141609,
"NLD","SAVING","TOT","PC_GDP","A","2008",10.7413805357866,
"NLD","SAVING","TOT","PC_GDP","A","2009",9.28858815508561,
"NLD","SAVING","TOT","PC_GDP","A","2010",10.0875017796044,
"NLD","SAVING","TOT","PC_GDP","A","2011",11.7622728370023,
"NLD","SAVING","TOT","PC_GDP","A","2012",11.9405910874379,
"NLD","SAVING","TOT","PC_GDP","A","2013",11.4499979559794,
"NLD","SAVING","TOT","PC_GDP","A","2014",10.4032402168086,
"NLD","SAVING","TOT","PC_GDP","A","2015",12.0043535727122,
"NLD","SAVING","TOT","PC_GDP","A","2016",11.9085971790264,
"NLD","SAVING","TOT","PC_GDP","A","2017",14.9661449090017,
"NLD","SAVING","TOT","PC_GDP","A","2018",15.3319112594914,
"NLD","SAVING","TOT","PC_GDP","A","2019",15.0811445720154,
"NLD","SAVING","TOT","PC_GDP","A","2020",11.311656740762,"E"
"CAN","SAVING","TOT","PC_GDP","A","1970",6.61923306122242,"E"
"CAN","SAVING","TOT","PC_GDP","A","1971",6.6446002799652,"E"
"CAN","SAVING","TOT","PC_GDP","A","1972",6.91415083792128,"E"
"CAN","SAVING","TOT","PC_GDP","A","1973",8.28894832482198,"E"
"CAN","SAVING","TOT","PC_GDP","A","1974",8.79450618391626,"E"
"CAN","SAVING","TOT","PC_GDP","A","1975",6.75858789738448,"E"
"CAN","SAVING","TOT","PC_GDP","A","1976",7.12744230740173,"E"
"CAN","SAVING","TOT","PC_GDP","A","1977",6.22024459486879,"E"
"CAN","SAVING","TOT","PC_GDP","A","1978",5.91650125932697,"E"
"CAN","SAVING","TOT","PC_GDP","A","1979",6.9438664955472,"E"
"CAN","SAVING","TOT","PC_GDP","A","1980",6.69872081012868,"E"
"CAN","SAVING","TOT","PC_GDP","A","1981",6.82623969073564,
"CAN","SAVING","TOT","PC_GDP","A","1982",3.21344939602917,
"CAN","SAVING","TOT","PC_GDP","A","1983",3.9609224430119,
"CAN","SAVING","TOT","PC_GDP","A","1984",5.33739117635599,
"CAN","SAVING","TOT","PC_GDP","A","1985",5.19611940955188,
"CAN","SAVING","TOT","PC_GDP","A","1986",3.55069023792796,
"CAN","SAVING","TOT","PC_GDP","A","1987",5.22255265210608,
"CAN","SAVING","TOT","PC_GDP","A","1988",6.26852386527866,
"CAN","SAVING","TOT","PC_GDP","A","1989",5.28128485256388,
"CAN","SAVING","TOT","PC_GDP","A","1990",2.43809857929751,
"CAN","SAVING","TOT","PC_GDP","A","1991",-0.182110169527753,
"CAN","SAVING","TOT","PC_GDP","A","1992",-1.43116436258762,
"CAN","SAVING","TOT","PC_GDP","A","1993",-0.399310877506737,
"CAN","SAVING","TOT","PC_GDP","A","1994",1.79488668791321,
"CAN","SAVING","TOT","PC_GDP","A","1995",3.86450077619493,
"CAN","SAVING","TOT","PC_GDP","A","1996",4.23732953104902,
"CAN","SAVING","TOT","PC_GDP","A","1997",4.9339196362217,
"CAN","SAVING","TOT","PC_GDP","A","1998",4.04572653389301,
"CAN","SAVING","TOT","PC_GDP","A","1999",5.72442250282014,
"CAN","SAVING","TOT","PC_GDP","A","2000",8.84509222283199,
"CAN","SAVING","TOT","PC_GDP","A","2001",7.29487664508891,
"CAN","SAVING","TOT","PC_GDP","A","2002",6.35296818112515,
"CAN","SAVING","TOT","PC_GDP","A","2003",7.09975795917424,
"CAN","SAVING","TOT","PC_GDP","A","2004",9.18118992521698,
"CAN","SAVING","TOT","PC_GDP","A","2005",10.0798401789546,
"CAN","SAVING","TOT","PC_GDP","A","2006",9.96175340971961,
"CAN","SAVING","TOT","PC_GDP","A","2007",9.46806696749175,
"CAN","SAVING","TOT","PC_GDP","A","2008",8.76568533910748,
"CAN","SAVING","TOT","PC_GDP","A","2009",1.44507787650493,
"CAN","SAVING","TOT","PC_GDP","A","2010",3.15999298939766,
"CAN","SAVING","TOT","PC_GDP","A","2011",5.07169136609016,
"CAN","SAVING","TOT","PC_GDP","A","2012",4.82141811437275,
"CAN","SAVING","TOT","PC_GDP","A","2013",5.35629705290638,
"CAN","SAVING","TOT","PC_GDP","A","2014",5.94697072231262,
"CAN","SAVING","TOT","PC_GDP","A","2015",2.37223811205657,
"CAN","SAVING","TOT","PC_GDP","A","2016",1.7092274386767,
"CAN","SAVING","TOT","PC_GDP","A","2017",3.24706478106324,
"CAN","SAVING","TOT","PC_GDP","A","2018",2.93734044231541,
"CAN","SAVING","TOT","PC_GDP","A","2019",3.46668039980751,
"CAN","SAVING","TOT","PC_GDP","A","2020",1.07065837303648,
"ITA","SAVING","TOT","PC_GDP","A","1970",14.6764371972259,"E"
"ITA","SAVING","TOT","PC_GDP","A","1971",13.2829048477633,"E"
"ITA","SAVING","TOT","PC_GDP","A","1972",12.5071123034992,"E"
"ITA","SAVING","TOT","PC_GDP","A","1973",12.4501701624977,"E"
"ITA","SAVING","TOT","PC_GDP","A","1974",12.6139663287833,"E"
"ITA","SAVING","TOT","PC_GDP","A","1975",9.63713019681996,"E"
"ITA","SAVING","TOT","PC_GDP","A","1976",11.5243726126675,"E"
"ITA","SAVING","TOT","PC_GDP","A","1977",11.5006026866801,"E"
"ITA","SAVING","TOT","PC_GDP","A","1978",12.2631471811895,"E"
"ITA","SAVING","TOT","PC_GDP","A","1979",12.7217424902012,"E"
"ITA","SAVING","TOT","PC_GDP","A","1980",10.2388691546645,"E"
"ITA","SAVING","TOT","PC_GDP","A","1981",7.43151658317622,"E"
"ITA","SAVING","TOT","PC_GDP","A","1982",6.87423386441187,"E"
"ITA","SAVING","TOT","PC_GDP","A","1983",7.42072121887341,"E"
"ITA","SAVING","TOT","PC_GDP","A","1984",7.61297694859666,"E"
"ITA","SAVING","TOT","PC_GDP","A","1985",7.15964796281265,"E"
"ITA","SAVING","TOT","PC_GDP","A","1986",7.41303610725815,"E"
"ITA","SAVING","TOT","PC_GDP","A","1987",7.27022827551539,"E"
"ITA","SAVING","TOT","PC_GDP","A","1988",7.40648714999287,"E"
"ITA","SAVING","TOT","PC_GDP","A","1989",6.69484993561953,"E"
"ITA","SAVING","TOT","PC_GDP","A","1990",6.71373980107502,"E"
"ITA","SAVING","TOT","PC_GDP","A","1991",5.92484263526227,"E"
"ITA","SAVING","TOT","PC_GDP","A","1992",4.7111593783204,"E"
"ITA","SAVING","TOT","PC_GDP","A","1993",5.00215081607267,"E"
"ITA","SAVING","TOT","PC_GDP","A","1994",5.27495524603518,"E"
"ITA","SAVING","TOT","PC_GDP","A","1995",7.33536036473613,
"ITA","SAVING","TOT","PC_GDP","A","1996",7.68015074874791,
"ITA","SAVING","TOT","PC_GDP","A","1997",7.59363259622104,
"ITA","SAVING","TOT","PC_GDP","A","1998",6.83112642589349,
"ITA","SAVING","TOT","PC_GDP","A","1999",6.39857311771821,
"ITA","SAVING","TOT","PC_GDP","A","2000",5.86410338547429,
"ITA","SAVING","TOT","PC_GDP","A","2001",6.22073543204976,
"ITA","SAVING","TOT","PC_GDP","A","2002",5.97029206769161,
"ITA","SAVING","TOT","PC_GDP","A","2003",5.1821504543078,
"ITA","SAVING","TOT","PC_GDP","A","2004",5.41280531343321,
"ITA","SAVING","TOT","PC_GDP","A","2005",4.63058820315776,
"ITA","SAVING","TOT","PC_GDP","A","2006",4.6862638363384,
"ITA","SAVING","TOT","PC_GDP","A","2007",4.95402082609061,
"ITA","SAVING","TOT","PC_GDP","A","2008",2.56994659703728,
"ITA","SAVING","TOT","PC_GDP","A","2009",0.25346552832676,
"ITA","SAVING","TOT","PC_GDP","A","2010",-0.252693604845938,
"ITA","SAVING","TOT","PC_GDP","A","2011",-0.033249314422427,
"ITA","SAVING","TOT","PC_GDP","A","2012",-0.706888201479144,
"ITA","SAVING","TOT","PC_GDP","A","2013",-0.320594998125253,
"ITA","SAVING","TOT","PC_GDP","A","2014",0.655657077743864,
"ITA","SAVING","TOT","PC_GDP","A","2015",0.403569022958822,
"ITA","SAVING","TOT","PC_GDP","A","2016",2.4215367167618,
"ITA","SAVING","TOT","PC_GDP","A","2017",2.99696624332428,
"ITA","SAVING","TOT","PC_GDP","A","2018",3.48410334205115,
"ITA","SAVING","TOT","PC_GDP","A","2019",3.76488306066142,
"ITA","SAVING","TOT","PC_GDP","A","2020",2.06710034463465,
"AUS","SAVING","TOT","PC_GDP","A","1970",13.9554497197004,
"AUS","SAVING","TOT","PC_GDP","A","1971",13.8611635644277,
"AUS","SAVING","TOT","PC_GDP","A","1972",14.9315536615273,
"AUS","SAVING","TOT","PC_GDP","A","1973",15.8216087071941,
"AUS","SAVING","TOT","PC_GDP","A","1974",12.3385657471297,
"AUS","SAVING","TOT","PC_GDP","A","1975",10.852536223178,
"AUS","SAVING","TOT","PC_GDP","A","1976",9.94649957324562,
"AUS","SAVING","TOT","PC_GDP","A","1977",7.47433734595259,
"AUS","SAVING","TOT","PC_GDP","A","1978",9.42852083280629,
"AUS","SAVING","TOT","PC_GDP","A","1979",10.3649645896566,
"AUS","SAVING","TOT","PC_GDP","A","1980",10.3232506474215,
"AUS","SAVING","TOT","PC_GDP","A","1981",8.83585591125992,
"AUS","SAVING","TOT","PC_GDP","A","1982",5.21630180220663,
"AUS","SAVING","TOT","PC_GDP","A","1983",7.69573245601702,
"AUS","SAVING","TOT","PC_GDP","A","1984",8.63758814842556,
"AUS","SAVING","TOT","PC_GDP","A","1985",6.51475561020596,
"AUS","SAVING","TOT","PC_GDP","A","1986",5.3879808197123,
"AUS","SAVING","TOT","PC_GDP","A","1987",7.99100926551998,
"AUS","SAVING","TOT","PC_GDP","A","1988",9.03884245352836,
"AUS","SAVING","TOT","PC_GDP","A","1989",7.66973703758728,
"AUS","SAVING","TOT","PC_GDP","A","1990",3.7304124395334,
"AUS","SAVING","TOT","PC_GDP","A","1991",0.99207711263188,
"AUS","SAVING","TOT","PC_GDP","A","1992",2.84372695349766,
"AUS","SAVING","TOT","PC_GDP","A","1993",4.3387152181381,
"AUS","SAVING","TOT","PC_GDP","A","1994",3.59708593577817,
"AUS","SAVING","TOT","PC_GDP","A","1995",4.34496653708593,
"AUS","SAVING","TOT","PC_GDP","A","1996",5.74311487130171,
"AUS","SAVING","TOT","PC_GDP","A","1997",5.29725538474095,
"AUS","SAVING","TOT","PC_GDP","A","1998",4.1632467454982,
"AUS","SAVING","TOT","PC_GDP","A","1999",4.83968304144691,
"AUS","SAVING","TOT","PC_GDP","A","2000",3.92076770117975,
"AUS","SAVING","TOT","PC_GDP","A","2001",5.17478883080346,
"AUS","SAVING","TOT","PC_GDP","A","2002",4.61283959248901,
"AUS","SAVING","TOT","PC_GDP","A","2003",5.415434144098,
"AUS","SAVING","TOT","PC_GDP","A","2004",4.6033537481122,
"AUS","SAVING","TOT","PC_GDP","A","2005",5.37528978453077,
"AUS","SAVING","TOT","PC_GDP","A","2006",5.02846972141363,
"AUS","SAVING","TOT","PC_GDP","A","2007",5.75471433679914,
"AUS","SAVING","TOT","PC_GDP","A","2008",7.63904153887053,
"AUS","SAVING","TOT","PC_GDP","A","2009",5.20407528064242,
"AUS","SAVING","TOT","PC_GDP","A","2010",7.2893121806664,
"AUS","SAVING","TOT","PC_GDP","A","2011",8.50614021866568,
"AUS","SAVING","TOT","PC_GDP","A","2012",7.65114003906771,
"AUS","SAVING","TOT","PC_GDP","A","2013",6.77854028388582,
"AUS","SAVING","TOT","PC_GDP","A","2014",4.93130313227679,
"AUS","SAVING","TOT","PC_GDP","A","2015",2.45207784121769,
"AUS","SAVING","TOT","PC_GDP","A","2016",4.19945630063137,
"AUS","SAVING","TOT","PC_GDP","A","2017",4.16578309603151,
"AUS","SAVING","TOT","PC_GDP","A","2018",5.1981379437491,
"AUS","SAVING","TOT","PC_GDP","A","2019",6.3039490530553,
"SVN","SAVING","TOT","PC_GDP","A","1995",5.86536453936392,
"SVN","SAVING","TOT","PC_GDP","A","1996",5.18659100133077,
"SVN","SAVING","TOT","PC_GDP","A","1997",6.45544759274713,
"SVN","SAVING","TOT","PC_GDP","A","1998",6.46212211323842,
"SVN","SAVING","TOT","PC_GDP","A","1999",6.23193761871578,
"SVN","SAVING","TOT","PC_GDP","A","2000",5.10880903249013,
"SVN","SAVING","TOT","PC_GDP","A","2001",6.0469928256824,
"SVN","SAVING","TOT","PC_GDP","A","2002",6.71385564682252,
"SVN","SAVING","TOT","PC_GDP","A","2003",6.51021592878854,
"SVN","SAVING","TOT","PC_GDP","A","2004",6.82060629584898,
"SVN","SAVING","TOT","PC_GDP","A","2005",7.2564803475874,
"SVN","SAVING","TOT","PC_GDP","A","2006",9.68086112521468,
"SVN","SAVING","TOT","PC_GDP","A","2007",10.7336727200194,
"SVN","SAVING","TOT","PC_GDP","A","2008",9.4026483851625,
"SVN","SAVING","TOT","PC_GDP","A","2009",2.62185053679657,
"SVN","SAVING","TOT","PC_GDP","A","2010",1.31055765874077,
"SVN","SAVING","TOT","PC_GDP","A","2011",0.648999687569106,
"SVN","SAVING","TOT","PC_GDP","A","2012",-1.43838051215846,
"SVN","SAVING","TOT","PC_GDP","A","2013",0.764573041290191,
"SVN","SAVING","TOT","PC_GDP","A","2014",3.80860094238383,
"SVN","SAVING","TOT","PC_GDP","A","2015",2.49699886988881,
"SVN","SAVING","TOT","PC_GDP","A","2016",3.25293115912812,
"SVN","SAVING","TOT","PC_GDP","A","2017",7.08006320688293,
"SVN","SAVING","TOT","PC_GDP","A","2018",8.62442993943067,
"SVN","SAVING","TOT","PC_GDP","A","2019",8.40013806392115,
"SVN","SAVING","TOT","PC_GDP","A","2020",8.01454953752821,
"MEX","SAVING","TOT","PC_GDP","A","1970",6.76577634024177,"E"
"MEX","SAVING","TOT","PC_GDP","A","1971",6.02609451323181,"E"
"MEX","SAVING","TOT","PC_GDP","A","1972",6.17898818606427,"E"
"MEX","SAVING","TOT","PC_GDP","A","1973",6.55297179745364,"E"
"MEX","SAVING","TOT","PC_GDP","A","1974",6.75103368827425,"E"
"MEX","SAVING","TOT","PC_GDP","A","1975",6.62989966131497,"E"
"MEX","SAVING","TOT","PC_GDP","A","1976",6.33449856381169,"E"
"MEX","SAVING","TOT","PC_GDP","A","1977",7.09521063525929,"E"
"MEX","SAVING","TOT","PC_GDP","A","1978",7.14126935318928,"E"
"MEX","SAVING","TOT","PC_GDP","A","1979",7.78889493002556,"E"
"MEX","SAVING","TOT","PC_GDP","A","1980",8.97725104206648,"E"
"MEX","SAVING","TOT","PC_GDP","A","1981",8.47891244836134,"E"
"MEX","SAVING","TOT","PC_GDP","A","1982",8.35796580615061,"E"
"MEX","SAVING","TOT","PC_GDP","A","1983",8.27831785005395,"E"
"MEX","SAVING","TOT","PC_GDP","A","1984",7.31594944420122,"E"
"MEX","SAVING","TOT","PC_GDP","A","1985",7.42358582094102,"E"
"MEX","SAVING","TOT","PC_GDP","A","1986",2.93928661630834,"E"
"MEX","SAVING","TOT","PC_GDP","A","1987",5.90147610307681,"E"
"MEX","SAVING","TOT","PC_GDP","A","1988",4.85892056536598,"E"
"MEX","SAVING","TOT","PC_GDP","A","1989",5.08450261747222,"E"
"MEX","SAVING","TOT","PC_GDP","A","1990",5.49144849174744,"E"
"MEX","SAVING","TOT","PC_GDP","A","1991",4.79490922629895,"E"
"MEX","SAVING","TOT","PC_GDP","A","1992",3.78218956984434,"E"
"MEX","SAVING","TOT","PC_GDP","A","1993",2.75712740305493,"E"
"MEX","SAVING","TOT","PC_GDP","A","1994",2.54354895130268,"E"
"MEX","SAVING","TOT","PC_GDP","A","1995",3.4965043354189,"E"
"MEX","SAVING","TOT","PC_GDP","A","1996",5.27616968171722,"E"
"MEX","SAVING","TOT","PC_GDP","A","1997",6.20847471884566,"E"
"MEX","SAVING","TOT","PC_GDP","A","1998",4.56941854865799,"E"
"MEX","SAVING","TOT","PC_GDP","A","1999",4.74929104720534,"E"
"MEX","SAVING","TOT","PC_GDP","A","2000",5.08777696500069,"E"
"MEX","SAVING","TOT","PC_GDP","A","2001",3.79147990881203,"E"
"MEX","SAVING","TOT","PC_GDP","A","2002",4.1379422876816,"E"
"MEX","SAVING","TOT","PC_GDP","A","2003",4.51170667696042,
"MEX","SAVING","TOT","PC_GDP","A","2004",7.54764803324565,
"MEX","SAVING","TOT","PC_GDP","A","2005",6.86679453474103,
"MEX","SAVING","TOT","PC_GDP","A","2006",9.22825183822094,
"MEX","SAVING","TOT","PC_GDP","A","2007",8.88104059239071,
"MEX","SAVING","TOT","PC_GDP","A","2008",8.36488854680193,
"MEX","SAVING","TOT","PC_GDP","A","2009",6.3959424503277,
"MEX","SAVING","TOT","PC_GDP","A","2010",7.9057547268131,
"MEX","SAVING","TOT","PC_GDP","A","2011",8.10919727070105,
"MEX","SAVING","TOT","PC_GDP","A","2012",7.40519571712683,
"MEX","SAVING","TOT","PC_GDP","A","2013",4.34704138749102,
"MEX","SAVING","TOT","PC_GDP","A","2014",5.69080719798013,
"MEX","SAVING","TOT","PC_GDP","A","2015",5.39469725065692,
"MEX","SAVING","TOT","PC_GDP","A","2016",5.2911744517875,
"MEX","SAVING","TOT","PC_GDP","A","2017",5.97686286336903,
"MEX","SAVING","TOT","PC_GDP","A","2018",6.25978528170506,
"MEX","SAVING","TOT","PC_GDP","A","2019",6.15662615228418,
"SVK","SAVING","TOT","PC_GDP","A","1995",-11.792356141166,
"SVK","SAVING","TOT","PC_GDP","A","1996",-10.1401116714158,
"SVK","SAVING","TOT","PC_GDP","A","1997",-5.45823904708316,
"SVK","SAVING","TOT","PC_GDP","A","1998",-4.11608406821586,
"SVK","SAVING","TOT","PC_GDP","A","1999",-3.4840288885081,
"SVK","SAVING","TOT","PC_GDP","A","2000",-4.07126834986326,
"SVK","SAVING","TOT","PC_GDP","A","2001",-2.95374190089557,
"SVK","SAVING","TOT","PC_GDP","A","2002",-2.40664621813847,
"SVK","SAVING","TOT","PC_GDP","A","2003",-3.98764469136054,
"SVK","SAVING","TOT","PC_GDP","A","2004",-1.29882260403608,
"SVK","SAVING","TOT","PC_GDP","A","2005",1.72204925342767,
"SVK","SAVING","TOT","PC_GDP","A","2006",2.6420517224325,
"SVK","SAVING","TOT","PC_GDP","A","2007",6.12399101301654,
"SVK","SAVING","TOT","PC_GDP","A","2008",4.89534897045706,
"SVK","SAVING","TOT","PC_GDP","A","2009",-0.845350827099161,
"SVK","SAVING","TOT","PC_GDP","A","2010",2.59408578896164,
"SVK","SAVING","TOT","PC_GDP","A","2011",3.87336810484534,
"SVK","SAVING","TOT","PC_GDP","A","2012",5.29791205782747,
"SVK","SAVING","TOT","PC_GDP","A","2013",5.89511158242387,
"SVK","SAVING","TOT","PC_GDP","A","2014",6.53062203424968,
"SVK","SAVING","TOT","PC_GDP","A","2015",6.64510468618079,
"SVK","SAVING","TOT","PC_GDP","A","2016",3.72090703250584,
"SVK","SAVING","TOT","PC_GDP","A","2017",4.70313388822134,
"SVK","SAVING","TOT","PC_GDP","A","2018",5.80642903983948,
"SVK","SAVING","TOT","PC_GDP","A","2019",4.593453857775,
"SVK","SAVING","TOT","PC_GDP","A","2020",0.750250439151584,
"CHE","SAVING","TOT","PC_GDP","A","1995",11.8856255022761,
"CHE","SAVING","TOT","PC_GDP","A","1996",11.3158796938637,
"CHE","SAVING","TOT","PC_GDP","A","1997",13.1073674596268,
"CHE","SAVING","TOT","PC_GDP","A","1998",13.9239273404196,
"CHE","SAVING","TOT","PC_GDP","A","1999",13.7859508709767,
"CHE","SAVING","TOT","PC_GDP","A","2000",16.0190380032261,
"CHE","SAVING","TOT","PC_GDP","A","2001",13.0346091005546,
"CHE","SAVING","TOT","PC_GDP","A","2002",9.66802705546525,
"CHE","SAVING","TOT","PC_GDP","A","2003",13.2417501053699,
"CHE","SAVING","TOT","PC_GDP","A","2004",13.3533350104879,
"CHE","SAVING","TOT","PC_GDP","A","2005",16.8583451546552,
"CHE","SAVING","TOT","PC_GDP","A","2006",18.5481603306817,
"CHE","SAVING","TOT","PC_GDP","A","2007",14.1885619359814,
"CHE","SAVING","TOT","PC_GDP","A","2008",6.93805820227806,
"CHE","SAVING","TOT","PC_GDP","A","2009",11.3580187811307,
"CHE","SAVING","TOT","PC_GDP","A","2010",16.8406728684171,
"CHE","SAVING","TOT","PC_GDP","A","2011",13.0360349522059,
"CHE","SAVING","TOT","PC_GDP","A","2012",14.3516875286049,
"CHE","SAVING","TOT","PC_GDP","A","2013",13.5350126463836,
"CHE","SAVING","TOT","PC_GDP","A","2014",11.4396067997691,
"CHE","SAVING","TOT","PC_GDP","A","2015",13.0020076808247,
"CHE","SAVING","TOT","PC_GDP","A","2016",11.3244251476654,
"CHE","SAVING","TOT","PC_GDP","A","2017",9.99533019954845,
"CHE","SAVING","TOT","PC_GDP","A","2018",8.74683886267906,
"CHE","SAVING","TOT","PC_GDP","A","2019",8.89763891911502,"E"
"CHE","SAVING","TOT","PC_GDP","A","2020",7.83055761398714,"E"
"POL","SAVING","TOT","PC_GDP","A","1991",3.17867700170569,"E"
"POL","SAVING","TOT","PC_GDP","A","1992",3.14465446088472,"E"
"POL","SAVING","TOT","PC_GDP","A","1993",3.32745682898056,"E"
"POL","SAVING","TOT","PC_GDP","A","1994",4.4398247441476,"E"
"POL","SAVING","TOT","PC_GDP","A","1995",4.77002894608195,"E"
"POL","SAVING","TOT","PC_GDP","A","1996",4.53929033508975,"E"
"POL","SAVING","TOT","PC_GDP","A","1997",5.10133317332976,"E"
"POL","SAVING","TOT","PC_GDP","A","1998",6.21624768763462,"E"
"POL","SAVING","TOT","PC_GDP","A","1999",5.26470990821892,"E"
"POL","SAVING","TOT","PC_GDP","A","2000",4.97499609209561,
"POL","SAVING","TOT","PC_GDP","A","2001",3.48730980054968,
"POL","SAVING","TOT","PC_GDP","A","2002",1.73931993292408,
"POL","SAVING","TOT","PC_GDP","A","2003",2.44725857933405,
"POL","SAVING","TOT","PC_GDP","A","2004",0.00610872894498,
"POL","SAVING","TOT","PC_GDP","A","2005",2.77649339242628,
"POL","SAVING","TOT","PC_GDP","A","2006",3.95715104574302,
"POL","SAVING","TOT","PC_GDP","A","2007",5.41848981227916,
"POL","SAVING","TOT","PC_GDP","A","2008",5.59712376834885,
"POL","SAVING","TOT","PC_GDP","A","2009",5.35179752555529,
"POL","SAVING","TOT","PC_GDP","A","2010",5.21141187301464,
"POL","SAVING","TOT","PC_GDP","A","2011",6.834431027356,
"POL","SAVING","TOT","PC_GDP","A","2012",6.52231493333301,
"POL","SAVING","TOT","PC_GDP","A","2013",6.74314578520748,
"POL","SAVING","TOT","PC_GDP","A","2014",7.26529939622871,
"POL","SAVING","TOT","PC_GDP","A","2015",8.92970564851048,
"POL","SAVING","TOT","PC_GDP","A","2016",7.59806749389719,
"POL","SAVING","TOT","PC_GDP","A","2017",8.16861699588157,
"POL","SAVING","TOT","PC_GDP","A","2018",8.44988699326673,
"POL","SAVING","TOT","PC_GDP","A","2019",9.29082037799598,
"POL","SAVING","TOT","PC_GDP","A","2020",8.97133052758981,
"LVA","SAVING","TOT","PC_GDP","A","1995",-26.0712509237153,
"LVA","SAVING","TOT","PC_GDP","A","1996",-23.7625491779831,
"LVA","SAVING","TOT","PC_GDP","A","1997",-19.9038280673493,
"LVA","SAVING","TOT","PC_GDP","A","1998",-17.1446493088095,
"LVA","SAVING","TOT","PC_GDP","A","1999",-19.0292635007832,
"LVA","SAVING","TOT","PC_GDP","A","2000",-9.65481211497147,
"LVA","SAVING","TOT","PC_GDP","A","2001",-6.3348100930754,
"LVA","SAVING","TOT","PC_GDP","A","2002",-4.19098101533433,
"LVA","SAVING","TOT","PC_GDP","A","2003",-2.55719301536414,
"LVA","SAVING","TOT","PC_GDP","A","2004",-1.67335894020329,
"LVA","SAVING","TOT","PC_GDP","A","2005",1.73532189377572,
"LVA","SAVING","TOT","PC_GDP","A","2006",-3.34923416535669,
"LVA","SAVING","TOT","PC_GDP","A","2007",-0.094597283267314,
"LVA","SAVING","TOT","PC_GDP","A","2008",1.48814222769346,
"LVA","SAVING","TOT","PC_GDP","A","2009",6.95326635628937,
"LVA","SAVING","TOT","PC_GDP","A","2010",-2.86353842926299,
"LVA","SAVING","TOT","PC_GDP","A","2011",-0.868406707016759,
"LVA","SAVING","TOT","PC_GDP","A","2012",-1.01969154003175,
"LVA","SAVING","TOT","PC_GDP","A","2013",-1.69139783792339,
"LVA","SAVING","TOT","PC_GDP","A","2014",-1.78794617240432,
"LVA","SAVING","TOT","PC_GDP","A","2015",-0.434361490075335,
"LVA","SAVING","TOT","PC_GDP","A","2016",-0.108520060970916,
"LVA","SAVING","TOT","PC_GDP","A","2017",1.20490627956563,
"LVA","SAVING","TOT","PC_GDP","A","2018",2.093115496903,
"LVA","SAVING","TOT","PC_GDP","A","2019",0.447997362868956,
"CRI","SAVING","TOT","PC_GDP","A","1991",6.9373926071766,
"CRI","SAVING","TOT","PC_GDP","A","1992",8.75410227727614,
"CRI","SAVING","TOT","PC_GDP","A","1993",7.44504211345861,
"CRI","SAVING","TOT","PC_GDP","A","1994",9.70953808284212,
"CRI","SAVING","TOT","PC_GDP","A","1995",10.5567004510209,
"CRI","SAVING","TOT","PC_GDP","A","1996",8.6430812775019,
"CRI","SAVING","TOT","PC_GDP","A","1997",10.175846101922,
"CRI","SAVING","TOT","PC_GDP","A","1998",11.9035827153292,
"CRI","SAVING","TOT","PC_GDP","A","1999",9.60694189463186,
"CRI","SAVING","TOT","PC_GDP","A","2000",10.0652630888863,
"CRI","SAVING","TOT","PC_GDP","A","2001",10.8842298102601,
"CRI","SAVING","TOT","PC_GDP","A","2002",8.53043492360363,
"CRI","SAVING","TOT","PC_GDP","A","2003",7.74813579311193,
"CRI","SAVING","TOT","PC_GDP","A","2004",9.07506653064512,
"CRI","SAVING","TOT","PC_GDP","A","2005",8.31356243193189,
"CRI","SAVING","TOT","PC_GDP","A","2006",10.6525405792693,
"CRI","SAVING","TOT","PC_GDP","A","2007",11.6402487656645,
"CRI","SAVING","TOT","PC_GDP","A","2008",9.90871797037503,
"CRI","SAVING","TOT","PC_GDP","A","2009",10.0764813037005,
"CRI","SAVING","TOT","PC_GDP","A","2010",10.1669829028138,
"CRI","SAVING","TOT","PC_GDP","A","2011",8.12579538021413,
"CRI","SAVING","TOT","PC_GDP","A","2012",8.41490245044395,
"CRI","SAVING","TOT","PC_GDP","A","2013",8.56752949305585,
"CRI","SAVING","TOT","PC_GDP","A","2014",8.36428242394746,
"CRI","SAVING","TOT","PC_GDP","A","2015",9.54842510325506,
"CRI","SAVING","TOT","PC_GDP","A","2016",10.8095421283886,
"CRI","SAVING","TOT","PC_GDP","A","2017",8.88740882243173,
"CRI","SAVING","TOT","PC_GDP","A","2018",8.94879458642213,"E"
"CRI","SAVING","TOT","PC_GDP","A","2019",8.37003091311802,"E"
"LTU","SAVING","TOT","PC_GDP","A","1995",-7.4202760067624,
"LTU","SAVING","TOT","PC_GDP","A","1996",-5.42399792311134,
"LTU","SAVING","TOT","PC_GDP","A","1997",-0.826158702661522,
"LTU","SAVING","TOT","PC_GDP","A","1998",-1.82963519097829,
"LTU","SAVING","TOT","PC_GDP","A","1999",-4.46546239928209,
"LTU","SAVING","TOT","PC_GDP","A","2000",-1.83274933007304,
"LTU","SAVING","TOT","PC_GDP","A","2001",0.038774645417345,
"LTU","SAVING","TOT","PC_GDP","A","2002",1.97389712735535,
"LTU","SAVING","TOT","PC_GDP","A","2003",2.03156762360677,
"LTU","SAVING","TOT","PC_GDP","A","2004",2.23880864799994,
"LTU","SAVING","TOT","PC_GDP","A","2005",4.53417271799516,
"LTU","SAVING","TOT","PC_GDP","A","2006",4.12979012164681,
"LTU","SAVING","TOT","PC_GDP","A","2007",5.2400469366171,
"LTU","SAVING","TOT","PC_GDP","A","2008",2.77266004588789,
"LTU","SAVING","TOT","PC_GDP","A","2009",-0.185419690242324,
"LTU","SAVING","TOT","PC_GDP","A","2010",3.91748644384849,
"LTU","SAVING","TOT","PC_GDP","A","2011",4.97943859044039,
"LTU","SAVING","TOT","PC_GDP","A","2012",4.978362384039,
"LTU","SAVING","TOT","PC_GDP","A","2013",7.96820998300311,
"LTU","SAVING","TOT","PC_GDP","A","2014",9.91505950813842,
"LTU","SAVING","TOT","PC_GDP","A","2015",5.45747645192135,
"LTU","SAVING","TOT","PC_GDP","A","2016",4.83749839056547,
"LTU","SAVING","TOT","PC_GDP","A","2017",7.050411100207,
"LTU","SAVING","TOT","PC_GDP","A","2018",8.19121233392048,
"LTU","SAVING","TOT","PC_GDP","A","2019",8.53883664884267,
"LTU","SAVING","TOT","PC_GDP","A","2020",7.86277287228652,
